ReviewText,Rating,Country,Product name,Source,ReviewTextEN
il ne tiens plus avant il tenais trés bien donc pas satisfaite,5,fr,Angel,Sephora,it would like further he wanted so very much dissatisfied
"Quel dommage d avoir reformulé ce temple de la parfumerie !!! Il a perdu son caractère et son charme, je l ai eu adolescente, J ai 39 ans aujourd hui: mes 16 ans se sont envolés avec lui...",5,fr,Angel,Sephora,"What a pity to have reformulated the temple perfume !!! It lost its character and charm, I had a teenager, J am 39 years old today: my 16 years have flown with him ..."
"Cela fait 19 ans que je possède Angel, c'est mon premier parfum. J'ai un flacon rechargeable. Il ne reste pas longtemps vide. Parfum envoûtant, sucré et l'odeur tient tte la journée.",5,fr,Angel,Sephora,"For 19 years I have Angel is my first fragrance. I have a refillable bottle. He did not stay long empty. Perfume bewitching, sweet odor and keeps head the day."
J'adore angel un parfum inconique et moins a la mode ce qui m'a permis de le retrouver sans le sentir partout comme a une certaine période.il a une bonne tenue et sillage meme si je trouve qu'il n'est plus autant pronnoncé qu'à l'époque c'est le seul bemol.On ne devrait jamais retoucher des parfums aussi puissant et tenace car c'est cela qui fait qu'on les trouve geniaux a la base alors pourquoi les reformuler si ca ne convient pas a certaines personnes autant qu'elles se redirige sur un parfum moins coriace au lieu de revoir les formulations pour attirer une autre clientelle je trouve quand meme cela decevant car ce parfum d'origine etait encore mieux que maintenant. Le format du 75ml a ete revisité il est trop lourd et encombrant c'est pour ca que je prend le 50ml voir le 100ml,5,fr,Angel,Sephora,I love an angel inconique perfume and less fashionable which allowed me to find it without feeling everywhere as a certain période.il has good resistance and wake even if I find it not so pronnoncé at the time it is the only bemol.On should never edit as powerful perfumes and tenacious because it's what makes you the GENIAUX located at the base so why reformulate if it does not fit some people as they redirects a scent less tough to be revised formulations to attract another clientelle I find it disappointing because even when this original perfume was even better than now. The 75ml format was revamped it is too heavy and cumbersome that's why I take the view the 50ml 100ml
cette eau de parfum me convient parfaitement :cela fait de nombreuses années que je l'utilise avec toujours le même plaisir,5,fr,Angel,Sephora,this eau de parfum is perfect for me: it's been many years since I use always with the same pleasure
"Parfum iconique, mais bouteille très bas de gamme. On voit toutes les jointures....",5,fr,Angel,Sephora,Perfume iconic bottle but very cheap. We see all the joints ....
Je recommande ce joli parfum parfum de sac à main..... à emmener partout avec vous de plus le flacon vaporisateur est très élégant,5,fr,Angel,Sephora,I recommend this lovely perfume fragrance handbag ..... to take everywhere with you over the spray bottle is very elegant
Format idéal pour le voyage ! Il faudrait l'envisager pour les autres fragrances d'Angel,5,fr,Angel,Sephora,Ideal size for travel! We should consider it for other fragrances Angel
EXCELLENT tout simplement !! Ma fille toujours fidèle à ANGEL,5,fr,Angel,Sephora,EXCELLENT simply !! My daughter always faithful to ANGEL
"Un parfum qui me rappelle des souvenirs, la fragrance n'a pas changée, telle que je l'ai sentie la première fois, il y a quelques années....une image, une période de vie, un été, ..... C'est tellement appréciable d'avoir de nouveau ces mêmes senteurs, inchangées, SI les créateurs pouvaient lire ce message, je les féliciterai et les remercierai, vraiment.",5,fr,Angel,Sephora,"A fragrance that brings back memories, the fragrance has not changed, as I felt it the first time, a few years ago .... an image, a period of life, a summer ... .. it's so good to have these new scents, unchanged, IF creators could read this message, I congratulate and thank, really."
J ai acheté ce parfum car j avais eu un échantillon qui celui là tenait toute la journée. Je suis un peu déçu qu' il soit éphémère.,5,fr,Angel,Sephora,J bought this perfume because I'd had a sample that this one stood all day. I'm a little disappointed that it is ephemeral.
"Pendant longtemps j'ai trouvé Angel trop fort, car il avait trop de patchouli pour moi. Mais il est devenu plus doux, et maintenant j'adore son odeur envoûtante qui rappelle un bol de chocolat chaud épicé... C'est un parfum qui ne ressemble à aucun autre ! On l'adore ou on le déteste. Sur certaines personnes il sent divinement bon, sur d'autres non. Et ça fait partie de son charme.",5,fr,Angel,Sephora,"For a long time I found Angel too hard, because it was too much for me patchouli. But it became softer, and now I love the enchanting scent reminiscent of a spicy bowl of hot chocolate ... a fragrance that is like no other! We love it or hate it. On some people it feels divinely good, on others not. And that's part of its charm."
Très bien pour un sac à main car c est un petit format. Parfait comme cadeau,5,fr,Angel,Sephora,Very good for a handbag because it is a small format. Perfect as a gift
extrémement féminin fonctionnel pour le sac et le voyage on achète la recharge et le tour est joué top,5,fr,Angel,Sephora,extremely functional female for the bag and the journey we buy recharge and voila top
"Ce flacon est absolument magnifique et les photos ne lui rendent pas justice ! Il est presque aussi long que la main, est rechargeable et de très bonne qualité. Vaut son prix.",5,fr,Angel,Sephora,This bottle is absolutely beautiful and the pictures do not do it justice! It is almost as long as the hand is rechargeable and very good quality. Worth its price.
Flacon ultra pratique ! Ergonomie impeccable. Bonne prise en main.,5,fr,Angel,Sephora,Bottle ultra-convenient! perfect ergonomics. Good grip.
Format voyage très pratique. Idéal pour les valises ou même le sac à main.,5,fr,Angel,Sephora,Travel size handy. Ideal for suitcases or even handbag.
Très joli flacon qui ne prend pas de place dans le sac à main.,5,fr,Angel,Sephora,Very nice bottle that does not take place in the purse.
"Fidèle depuis longtemps à ce parfum, sa fragrance sucrée a un goût d’enfance !",5,fr,Angel,Sephora,"True long this fragrance, its sweet fragrance has a taste of childhood!"
"J avais lu flacon petit.. MAIS NONNNN !, je suis trop contente de ce flacon pour mon sac à main . Magnifique ouiiiiiii et Angel hummm",5,fr,Angel,Sephora,J had read small bottle .. BUT Nonnnn! I'm so happy this bottle for my handbag. Magnificent ouiiiiiii and Angel hummm
Super parfum que je changerai pas Odeur agréable Flacon décoratif,5,fr,Angel,Sephora,Super perfume that I not change Scented decorative bottle
"Belle surprise pour ce parfum qui laisse,tout au long de la journée d'agréables effluves",5,fr,Angel,Sephora,Nice surprise for this fragrance that leaves throughout the day pleasant fragrances
"Déçu de la taille du produit, je pensais un produit plus grand",5,fr,Angel,Sephora,"Disappointed product size, I thought a larger product"
"Produit excellent, permet de remplir différentes étoiles à la maison. Reçu très rapidement, bien emballé, joli carton déco à conserver. Merci et bravo Séphora",5,fr,Angel,Sephora,"Excellent product, can fill different stars at home. Received quickly, well packaged, nice deco cardboard to keep. Thank you and congratulations Zipporah"
J'adore ce parfum et ai donc acheté le flacon source que je trouve bien pratique pour recharger mon vaporisateur ressourçable... et plus économique.,5,fr,Angel,Sephora,I love this perfume and have therefore bought the source bottle that I find handy to recharge my refillable spray ... and more economical.
inconditionnelle de cette senteur ! c'est un parfum atemporel auquel je suis fidèle...,5,fr,Angel,Sephora,Unconditional this scent! it is a timeless fragrance that I am faithful ...
Facile pour se parfumer à tout moment . Moins coûteux à l achat .,5,fr,Angel,Sephora,Easy to wear perfume at any time. Less expensive to purchase.
cette eau de toilette est sublime - elle ne va pas à tout le monde mais elle laisse derrière elle une odeur subtile raffinée que tout le monde adore,5,fr,Angel,Sephora,this cologne is sublime - it is not going to everyone but it leaves behind a fine subtle scent that everyone loves
Taille parfaite pour mettre dans le sac à main et ressourçable,5,fr,Angel,Sephora,Perfect size to put in the purse and refillable
"Comme tous les parfums, hélas, il est de plus en plus cher et de plus en plus dilué. La tenue sur tissus reste correcte, sans plus, alors que sur peau elle est devenue médiocre. A sa sortie et jusqu'au début des années 2010, Angel était un parfum nucléaire, sans compromis, envahissant. Il suscitait de vives réactions et c'est pour ça que je le portais.",5,fr,Angel,Sephora,"Like all fragrances, alas, it is becoming more and more diluted. Holding on tissue remains adequate at best, whereas on skin became poor. On its release until early 2010, Angel was a nuclear perfume uncompromising intrusive. It provoked strong reactions and that's why I wore it."
"Ai commandé il y a quelques semaines l'eau de parfum de Thierry Mugler Angel. Je l'avais portée il y a quelques années. C'était un parfum avec beaucoup de ""caractère"", une excellente tenue pour un minimum de vaporisations. Il m'arrivait fréquemment d'être accostée par hommes ou femmes pour me demander le nom de mon parfum. Aujourd'hui je ne retrouve ABSOLUMENT rien de ce produit : c'est de l'eau bleue certes, mais une très légère odeur qui n'a pas grand chose à voir avec l'""Angel"" que je connaissais et qui ne tient ni sur la peau, ni sur les cheveux, ni sur les vêtements puisque j'ai tout essayé..... Arnaque !!!???....",5,fr,Angel,Sephora,"I ordered a few weeks ago water perfume by Thierry Mugler Angel. I had brought it a few years ago. It was a scent with lots of ""character"", excellent resistance to a minimum of sprays. I frequently being accosted by men and women to ask me the name of my perfume. Today I found ABSOLUTELY nothing of this: it is the blue water of course, but a slight odor that has little to do with the ""Angel"" I knew and who neither holds on the skin or on hair or on clothes since I tried everything ..... Scam !!! ??? ...."
trés fonctionnel pour le sac super article est en plus c'est mon parfum depuis des années,5,fr,Angel,Sephora,very functional for the great article bag is more is my perfume for years
"Cadeau offert à une ""accro"" à ce parfum, donc toujours aussi contente de le recevoir.",5,fr,Angel,Sephora,"Gift with an ""addicted"" to this perfume, so always happy to receive it."
"Je connaissais parfaitement le parfum Angel que j'utilise très régulièrement. Je suis très déçus par l'enseigne Séphora pas un échantillon, pas un mot de remerciement de commande, bref débrouille toi. Je ne passerais plus commande par l'intermédiaire d'internet dommage...",5,fr,Angel,Sephora,"I knew perfectly Angel perfume that I use regularly. I am very disappointed with the brand Sephora not a sample, not a command word of thanks, brief fend for yourself. I spend more control via internet shame ..."
"Toujours satisfait, pas de surprise. Peut-être un reproche pour le rédacteur / rédactrice de la carte qui ne respect pas ce qu'on écrit...",5,fr,Angel,Sephora,"Always satisfied, no surprise. Perhaps a reproach to the writer / editor of the card that does not respect what is written ..."
"Thierry Mugler est, en effet une marque créant des parfum avec, généralement des odeurs quelque peu originales. C'est cela que j'adore ! Je trouve que cette senteur a des légers ""tons fumés"". De plus, lorsque je porte ce parfum, j'ai l'impression d'être un peu ""originale"" , l'odeur est très singulière et facilement reconnaissable.",5,fr,Angel,Sephora,"Thierry Mugler is indeed a mark creating perfume with generally somewhat original odor. That's why I love it! I find that this scent is light ""smoked tones."" Also, when I wear this perfume, I feel a little ""original"", the smell is very unique and easily recognizable."
"J'ai récemment découvert Angel grâce à une amie, alors que j'étais une fidèle d'un autre parfum depuis plus de 20 ans et c'est un véritable enchantement !",5,fr,Angel,Sephora,"I recently discovered Angel with a friend, when I was a faithful another fragrance for over 20 years and is a real delight!"
"Les parfums de thierry mugler. On aime ou on déteste. C'est assez particulier, j'ai essayé le parfum angel de thierry mugler dont on m'a maintes fois parlé. Pour faire court, je n'ai pas du tout aimé. L'odeur du parfum m'indispose.",5,fr,Angel,Sephora,"Thierry Mugler perfumes. Love it or hate it. It is rather odd, I tried the perfume thierry mugler angel which we repeatedly spoke to me. To make short, I did not like it. The smell of perfume bothers me."
Angel est différent..je le portais depuis 7ans! La fragrance n’est plus la même et ne tient plus.. Je suis à la recherche d’un parfum similaire..,5,fr,Angel,Sephora,Angel is différent..je wore for 7 years! The fragrance is not the same and no longer holds .. I'm looking for a similar scent ..
"mon angel je le porte depuis plus de vingt ans c est mon odeur le l adooore!!! ne m en lasse jamais j en ai,besoin pour me sentir bien je ne le compare avec aucun autre merci mugler!!! c devenu ma drogue!!!!!",5,fr,Angel,Sephora,"my angel I wear it for more than twenty years c is my scent on the looove !!! m will never tire I have, need to feel good I compare it with any other Mugler thank you !!! c became my drug !!!!!"
"produits conformes à ma commande , bien emballés. regrette peut être l'ajout d'échantillons",5,fr,Angel,Sephora,"products comply with my order, well packed. regret can be the addition of samples"
"Cadeau de noel que l'on m'a offert, magnifique, sent trop bon et tiens extrêmement bien sur la peau et aussi sur les vêtements. Le meilleur !!!!!",5,fr,Angel,Sephora,"Christmas present that was offered, gorgeous, feels like too good and very good on the skin and also on clothes. The best !!!!!"
"Mon parfum depuis presque 20 ans, j'ai juste l'impression que le parfum du 100ml tient moins longtemps que l eau de parfum 25ml. Je n'en changerai pour rien au monde.",5,fr,Angel,Sephora,"My perfume for almost 20 years, I just feel the scent of 100ml takes less time than the eau de parfum 25ml. I do not change it for anything."
le parfum bien mais le vissage du bonchon est léger court donc évaporation rapide,5,fr,Angel,Sephora,perfume good but screwing the Bonchon is light so short rapid evaporation
superbe flacon et plus pratique que l ancien je le recommande,5,fr,Angel,Sephora,beautiful bottle and more convenient than the former I recommend
Mon parfum depuis sa création et je l'apprécie toujours.,5,fr,Angel,Sephora,My perfume since its inception and I still enjoy it.
"Je porte angel depuis des années , et depuis 2 ans je trouve vraiment different ne tiens plus ainsi que le lait de corps . Je trouve vraiment ca dommage vraiment déçu !! Je ne comprent pas pourquoi les vendeuses disent que rien de changer dans la formule . Et sur les vêtement même chose ne sent plus aussi longtemps .",5,fr,Angel,Sephora,"I angel door for years, and for 2 years I really different is not like most and body milk. I really find ca shame really disappointed !! I do not comprent why vendors say anything to change in the formula. And on the same garment thing feels too long."
Besoin de recharger mon étoile. Livrée rapidement !,5,fr,Angel,Sephora,Need to recharge my star. Delivered quickly!
Un cadeau que j'ai offert à une amie qui est son parfum préféré et qui lui va à ravir. Très satisfaite en plus du mot donc je suis très contente.,5,fr,Angel,Sephora,"A gift that I gave to a friend who is her favorite perfume, which will certainly please. Very satisfied in addition to the word so I am very happy."
Mon parfum depuis des années ! Je ne m'en lasserais jamais je pense !,5,fr,Angel,Sephora,My perfume for years! I never get tired I think!
"Angel est pour moi un ange, mais très intense. La première fois que je l'ai porté, j'ai détesté, je me suis douché tout de suite parés l'avoir porté deux fois, j'ai adoré !!! La tenue de ce parfum est démente, il tient même après une douche ! ! ! Après avoir étudié ce parfum en cour, je peux vous dire qu'il se compose à 30 % de patchouli pur ! Donc il faut aimer les odeurs intenses et très prenantes ! Pendant ma période dans des parfumeries, les clientes qui connaissent Angel depuis les années 1992 mon dit que ce n'était plus du tout le même qui était noyé dans de l'alcool ! Qu'il ne tenait plus qu'il avait perdu sont ADN Mugler....... Très beau univers avec Angel qui réinvente souvent sont univers autour de la publicité en changeant souvent d'égérie, mais en gardant l'univers céleste bleu et noir. Sublime flacon, mais. Le seul problème que je constate chez Mugler et certaine marque et que le parfum a pris plus d'une dizaine d'euros en mois de 3 ans....... Dommage, car des personnes ne pourront plus se le payer.!.",5,fr,Angel,Sephora,"Angel is my angel, but very intense. The first time I wore it, I hated it, I showered immediately trimmed having worn twice, I loved it !!! The holding of this fragrance is insane, he even held after a shower! ! ! After studying this fragrance in court, I can say that it consists of 30% pure patchouli! So you must love the intense smells and very interested! During my time in perfumeries, clients who know Angel since 1992 I said it was not at all the same was drowned in alcohol! That it was more that he had lost DNA are Mugler universe ....... Beautiful Angel are often reinvented universe around advertising often changing muse, but keeping the blue celestial universe and black. Sublime bottle, but. The only problem I see with Mugler and certain brand and the fragrance has taken more than ten euros in month 3 years ....... Too bad, because people can no longer afford it.! ."
"Déception,Angel n'est plus Angel! Il est sans saveur et ne tient plus!",5,fr,Angel,Sephora,"Disappointment, Angel is not Angel! It is tasteless and no longer takes!"
"Mon parfum préféré depuis de nombreuses années. Je ne me lasse pas de son odeur sucrée. Il varie beaucoup d'une peau à l'autre. Il arrive souvent dans la rue que l'on me demande le nom de mon parfum. Plus qu'une flagrance, un must have !",5,fr,Angel,Sephora,"My favorite perfume for many years. I never get tired of its sweet smell. It varies greatly from one skin to another. It often happens in the street people ask me the name of my perfume. More than a fragrance, a must have!"
"Livraison avec juste 1 échantillon sur les 4 normalement offerts ... C est pas grand chose , mais bon ....",5,fr,Angel,Sephora,"Delivery with just one sample of the 4 normally offered ... C is not much, but good ...."
Je l'ai découvert à sa sortie dans les années 90 et je le porte régulièrement. Mais de moins en moins car il est beaucoup trop porté et j'aime l'originalité. Néanmoins aucun autre n'a jamais égalé son odeur absolument extraordinaire. De plus il tient longtemps. Un délice.,5,fr,Angel,Sephora,I discovered it at its output in the 90 and I regularly door. But less and less because it is too focused and I love the originality. However no other has ever equaled his absolutely extraordinary scent. In addition he holds long. A delight.
je le porte depuis plus de 25ans.. je ne m'en lasse pas,5,fr,Angel,Sephora,I wear it for more than 25 years .. I do not get enough
"Un must ! A avoir ! Mon coup de coeur. Tellement envoûtant , ennivran . Pour une femme de caractère. Une odeur qui reste sur la peau toute la journée.",5,fr,Angel,Sephora,"A must ! To have ! My favorite. So mesmerizing, ennivran. For a woman of character. A smell that remains on the skin throughout the day."
"Parfum toujours aussi sensuel, envoûtant, laissant un sillon de parfum très attirant ! Néanmoins, parfum onéreux, heureusement il existe un flacon source ... Attention, suivant les peaux, il peut être très désagréable.",5,fr,Angel,Sephora,"Perfume always sensual, bewitching, leaving a trail of perfume very attractive! However, expensive perfume, fortunately there is a source bottle ... Attention, according to the skin, it can be very unpleasant."
"j'adore ce parfum, il tient bien et sa fragrance est excellente!",5,fr,Angel,Sephora,"I love this perfume, it holds well and its fragrance is excellent!"
"Ma mère le porte depuis des années et lui va terriblement bien... Par contre, sur moi, il sent trop fort et l'odeur vire de façon désagréable. Point positif, c'est bien que le flacon soit rechargeable, d'autres marques devraient faire de même...",5,fr,Angel,Sephora,"My mother wears for years and goes terribly well against him ... By on me it smells too strong and the smell turns unpleasantly. Point positive is that the bottle is refillable, other brands should do the same ..."
"j'ai reçu pour noel, par mon chéri , angel , mon parfum adoré, que cette odeur m'a manqué, mais malgré cela je ne me lasse pas de sentir le flacon,j'adore tjrs autant, quel parfum envoutant.",5,fr,Angel,Sephora,"I received for Christmas, my darling angel, loved my perfume, I missed that smell, but despite that I never tire of feeling the bottle, I love tjrs so, what bewitching fragrance."
"Il m'a été offert par mon copain et j'adore! Je le met le soir quand je sort et à chaque fois on me dit ""ah tu portes Angel"" et oui, un grand classique! Ma bouteille est bientôt vide et j'irais la ressourcer sans hésitation!",5,fr,Angel,Sephora,"It was given to me by my boyfriend and I love it! I put the evening when I fate and each time was told ""oh you gates Angel"" and yes, a classic! My bottle is almost empty and I would go to recharge without hesitation!"
"C est mon parfum d hiver depuis sa création , et je L adore toujours autant . Tres envoutant , ce parfum possède une vraie identité olfactive. Pour celles qui aiment tout de meme les senteurs chaudes , sucres ...la vanille , le chocolat ...ce n est pas un parfum discret , mais il reste élégant .",5,fr,Angel,Sephora,"This is my winter fragrance since its inception, and I still love The same. Very captivating, this fragrance has a real olfactory identity. For those who love all the same warm scents, sugars ... vanilla, chocolate ... this is not a discreet perfume, but still elegant."
J'ai l'étoile ressourçable depuis plusieurs années alors c'est un parfum que j'ai toujours sous la main C'est un parfum discret mais que tout le monde connait et qui ne se démode pas. Moi j'adore,5,fr,Angel,Sephora,I refillable star for years so it is a fragrance that I always handy This is a discreet perfume but everyone knows who is timeless. I adore
très bon produit très longue tenu flacon source de qualité,5,fr,Angel,Sephora,very good long held product quality source bottle
"un avant gout du paradis, envoûtante pour les femmes et ne reste jamais insensible a l'odeur",5,fr,Angel,Sephora,"a taste of paradise, mesmerizing for women and never remains insensitive to the smell"
ce parfum est super et sens tres bon mais reste encore assez chere pour l avoir au quotidien,5,fr,Angel,Sephora,this perfume is great and feel very good but still quite expensive for you everyday
"Angel fait partie de mes parfums préférés. Il répond à mes attentes : il tient longtemps dans la journée, pas besoin de retouches.",5,fr,Angel,Sephora,"Angel is one of my favorite scents. It meets my expectations: it takes a long time in the day, no need for retouching."
"Angel est et restera mon parfum favori, il tient toute la journée et son odeur est reconnaissable, de plus le flacon en etoile est sublime",5,fr,Angel,Sephora,"Angel is and will remain my favorite perfume, it lasts all day and smell is recognizable more in the bottle is gorgeous star"
Livraison très rapide malgrès l'approche des fetes de Noel. Petit bémol tout de meme concernant les échantillons gratuits: 2 sur 3 ne sont pas ceux que j'avais choisis,5,fr,Angel,Sephora,Delivery very fast malgrès the approach of Christmas celebrations. Small flat even for free samples: 2 of 3 are not the ones I had chosen
"Très bien et très facile,. Quand on ne peut pas prendre le flacon original ou que l’on n’a pas de sephora prêt de chez soi cette solution est très bien, en plus la recharge arrive dans une jolie bouteille . Je recommande",5,fr,Angel,Sephora,"Very good and very easy ,. When you can not take the original bottle or that one does not have Sephora loan from home this solution is fine, in addition recharge arrives in a pretty bottle. I recommend"
"Bonjour, Je l'ai offert à ma femme qui l'adore aussi . Ce parfum est envoutant et sensuel.",5,fr,Angel,Sephora,"Hello, I offered my wife love it too. This fragrance is captivating and sensual."
"Bonjours, Pour ma part, bonne achat pour ma première fois . Bien emballé.",5,fr,Angel,Sephora,"Hello, for me, good for my first time purchase. Well packed."
"le must du parfum, celui qui traverse les années et qui m'accompagne ! je ne m'en lasse pas.",5,fr,Angel,Sephora,"the must of perfume, one that crosses the years that follow me! I do not get enough."
Parfum original et sensuel d'une senteur vraiment unique. Je ne l'aime pas je l'adore! Une très bonne tenue sur la peau ou les vêtements toute la journée.,5,fr,Angel,Sephora,original and sensual scent of a truly unique flavor. I do not like it I love it! A very good hold on the skin or clothes all day.
On me l'a offert il y à plus de 10 ans maintenant et même si j'essaie d'autres parfums c'est toujours celui-ci qui revient en tête de liste. Il a une odeur reconnaissable entre tous et je le sens toute la journée. Il me convient parfaitement.,5,fr,Angel,Sephora,They offered me there for over 10 years now and although I try other flavors is always one who comes top of the list. It has a recognizable odor among all and I feel all day. It suits me perfectly.
"J'ai acheté mon 1er Angel étoile rechargeable avec son trépied en 1994. Il y a 2 ans environ j'ai trouve qu'il avait terriblement changé. Ainsi que toute la gamme de creme céleste, lait céleste . Mon mari me l'avait choisi, comme j'ai protesté muggler m'en a renvoyé un flacon, mais pareil !!! Il sent trop l'alcool, et non plus cette fragrance incomparable qui a fait de lui le numéro UN durant des années. Étrange,mais changement radical d'odeur après une fusion avec une marque de soins visage et corps. Alors quand je lis que certaines le portent depuis 20 ans et qu'il n'a pas changé, je pense que l'on ne parle pas du même Angel en eau de parfum. Mon odorat doit être trop sensible, et pourtant j'essaie d'en mettre de temps en temps. Mais rien a faire ! C'est comme Poison de Dior, pareil pareil !!!!!!",5,fr,Angel,Sephora,"I bought my first Angel Rechargeable star with his tripod in 1994. There are about 2 years I found that he had changed tremendously. As well as the full range of heavenly creme, heavenly milk. My husband had chosen me as I protested Muggler returned me a bottle, but like !!! It feels too much alcohol, not this incomparable fragrance that has made him the UN number for years. Strange, but radical change of smell after a merger with a brand of face and body treatments. So when I read that some have the past 20 years and has not changed, I think we do not mean the same Angel eau de parfum. My sense of smell to be too sensitive, yet I try to make from time to time. But nothing to do! It's like Poison by Dior, like like !!!!!!"
"ce parfum est magnifique, après il faut aimer l'odeur assez forte et reconnaissable entre toutes ,au moins il tiens, pas besoin d'en remettre dans la journée.",5,fr,Angel,Sephora,"this fragrance is beautiful, after you have to like pretty strong and recognizable odor of all, at least he would like, no need to defer that day."
"Angel est vraiment une très bonne marques de parfum, car il sent très bon, le parfum reste toute la journée. Le petit plus de ce parfum c'est qu'il est rechargeable et sa c'est vraiment super !",5,fr,Angel,Sephora,"Angel is a really good perfume brands because it feels very good, the scent stays all day. The plus of this perfume is that it is rechargeable and it's really great!"
"""LE "" parfum, pour celle qui aime le patchouli. C'est un des rares parfum qui tient sur moi. Il est reconnaissable entre tous Le ressourçable est pratique Dommage, le flacon ne tient pas debout.",5,fr,Angel,Sephora,"""The"" fragrance, for one who loves patchouli. It is a rare fragrance that takes me. It is instantly recognizable refillable The practice is bad, the bottle does not hold."
"parfum que j'utilise depuis sa création.Il est envoutant, sensuel, enivrant .je l'adore",5,fr,Angel,Sephora,"perfume that I use for his création.Il is captivating, sensual, intoxicating .I love"
"Je mets ce parfum régulièrement depuis plus de 10 ans et j'en suis toujours fan.... Il tient toute la journée et son odeur me donne envie de chocolat! Un classique des parfums gourmands, envoutants. Pour ne rien gâcher, le flacon est magnifique.",5,fr,Angel,Sephora,"I put this ointment regularly for over 10 years and I'm still a fan .... It lasts all day and smell makes me want chocolate! A classic gourmand fragrances, entrancing. Do not spoil the bottle is beautiful."
Ce parfum ne me correspond pas du tout. Je l'ai refilé a ma mère...,5,fr,Angel,Sephora,This fragrance is not me at all. I passed on to my mother ...
"je ne peux m en passer, j adore toujours autant !!!! ces notes sucrées ne me lasseront jamais ! je le connais depuis plus de 10 ans et c est mon parfum préférée et aussi celui de mon chéri ;) merci Thierry Mugler !",5,fr,Angel,Sephora,"I can m pass, I still love !!!! these sweet notes will never tire me! I know him for over 10 years and c is my favorite perfume and also that of my darling;) thank you Thierry Mugler!"
"Cela fait des années que j'utilise Angel, je ne pourrais pas en changer. Dommage que je sois sans cesse obligée d'en rajouter, car à force, je ne le sens plus !",5,fr,Angel,Sephora,"For years I use Angel, I could not change it. Too bad I am constantly obliged to add, because strength, I do feel more!"
ce parfum que j ai acheté récemment est pour ma fille je trouve qu il relève bien sa personnalité ; forte de plus il tient toute la journée sans être entêtant,5,fr,Angel,Sephora,this perfume that I bought recently is for my daughter I find that he is well within his personality; strong plus it lasts all day without being heady
"fidèle, je ne peux me passer de lui . De plus, on me parle de lui.... toujours en bien , les hommes , les femmes, vraiment je l'aime...",5,fr,Angel,Sephora,"true, I can not live without him. In addition, we talk about him .... always good, men, women, really I love ..."
"je trouve que ce parfum sent très bon , il est sublime . je l ' adore je vous le conseil .je suis très satisfaite du services , livraison rapide !! mon mari et mes enfants l 'aime aussi .",5,fr,Angel,Sephora,"I think this perfume smells very good, it is sublime. I love it I advice you .I am very satisfied with the service, fast delivery !! my husband and my kids love it too."
ODEUR SINGULIERE ET AUDACIEUSE DESTINEE A DES FEMMES DE CARACTERE,5,fr,Angel,Sephora,SINGULIERE ODOR AND BOLD FOR WOMEN OF CHARACTER
"Fidèle depuis des années à ANGEL, je ne m'en lasse pas. Il tient toute la journée. Dès que mon étoile est vide, je vais vite la faire remplir. Je ne suis jamais prise au dépourvu car j'ai aussi le lait pour le corps, juste au cas où ...",5,fr,Angel,Sephora,"Faithful for years to ANGEL, I can not get enough. It takes all day. As soon as my star is empty, I'll quickly have it filled. I've never taken by surprise because I also have the body lotion, just in case ..."
"j'aime beaucoup ce parfum et l'achète depuis quelques mois, et là je l'ai trouvé trop vanillé par rapport à d'habitude, il ne laisse pas cette empreinte qui me fait vibrer. je suppose qu'il faisait parti d'un mauvais lot",5,fr,Angel,Sephora,"I love this scent and bought a few months, and there I found too vanilla compared to usual, he does not let this impression that makes me vibrate. I guess it was part of a bad lot"
J''adore son odeur je ne m'en lasse pas depuis presque 20ans ....Parfum de qualité,5,fr,Angel,Sephora,J''adore smell I do not get enough for almost 20 years .... Quality Perfume
EXCELLENT PRODUIT - PREFERE A L'EAU DE TOILETTE DE LA MEME MARQUE,5,fr,Angel,Sephora,EXCELLENT PRODUCT - PREFERRED TO TOILET WATER MARK OF THE SAME
"je suis fidèle à ce parfum depuis plus de 10 ans j'adore son odeur, ses notes poudrées",5,fr,Angel,Sephora,"I am faithful to this perfume for over 10 years I love its smell, powdery notes"
très bon parfum odeur agréable et tiens toute la journée. je l'adore ..............,5,fr,Angel,Sephora,very good perfume smell nice and like all day. I love it ..............
"Parfum qui dure longtemps, d'ailleurs le seul sur plusieurs autre testés notament, lolita lempika, aqua di gioa, ...",5,fr,Angel,Sephora,"Perfume that lasts long, also the only tested on several other notament, Lolita Lempicka, Aqua di Gioia ..."
en effet ce produit est trés remarquable . c'est exactement ce que je désirais,5,fr,Angel,Sephora,indeed this is very remarkable. that's exactly what I wanted
"Le flacon était vraiment magnifique , je me suis donc empressé de le sentir , malheureusement ça été la déception , l'odeur ne me plaisait pas du tout . Vraiment déçu qu'un aussi beau flacon renferme une odeur que je ne supporte pas ...",5,fr,Angel,Sephora,"The bottle was really beautiful, I so eager to feel it, unfortunately it was the disappointment, the smell did not like me at all. Really disappointed that such a beautiful bottle contains a smell that I can not stand ..."
Très bon parfum pour la journée qui sent la fraîcheur et les fleurs,5,fr,Angel,Sephora,Very good perfume for the day smelling the freshness and flowers
Ce parfum je l'adore il a une odeur envoutante je le met depuis 9 ans et je suis tjr aussi dingue de cette odeur !!,5,fr,Angel,Sephora,I love this perfume has a captivating scent I put the last 9 years and I'm also crazy Tjr that smell !!
j'adore depuis 20 ans je n'ai jamais changé de parfum.,5,fr,Angel,Sephora,I love for 20 years I have never changed scent.
tres bon avis presentation originale parfum agreable,5,fr,Angel,Sephora,very good advice pleasant fragrance original presentation
J'adore depuis 20 ans maintenant.........je ne peux plus m'en passer <3,5,fr,Angel,Sephora,I love for 20 years now ......... I can not do without me <3
Depuis que je l'ai essayé je ne m'en passe plus... Pour celles qu'ils ne l'ont pas essayé à tenter absolument.,5,fr,Angel,Sephora,Since I tried I pass by me ... For those that have not tried to try absolutely.
"testé en échantillon. Un parfum qui ne me laisse pas indifférente, il laisse un sillage sucré assez sensuel et plaisant. On se sent femme, mais il est un peu étouffant à mon goût pour une utilisation quotidienne, peut-être à cause du patchouli que je n'apprécie pas. Je le porterais sûrement plus facilement le soir. A tester sur sa peau pour se fair une idée !",5,fr,Angel,Sephora,"tested sample. A fragrance that does not leave me indifferent, it leaves a sweet wake sensual and pleasant enough. It feels wife, but it's a bit stuffy for my taste for everyday use, perhaps because of patchouli that I do not appreciate. I surely would wear more easily at night. A test on his skin to a fair idea!"
mon parfum depuis des années j'adore et j'en changerais pour rien au monde,5,fr,Angel,Sephora,my perfume for years I love and I would change it for the world
j adore s est un parfum qui tiens bien sur la peau et longtemp,5,fr,Angel,Sephora,I adore s is a fragrance that wish well to the skin and longtemp
"J'ai trouvé le packaging très joli et j'étais pressé de sentir son odeur vu les avis très positifs sur ce parfum. J'ai été vraiment déçu, l'odeur de ce parfum est juste insoutenable pour moi et je l'ai trouvé assez entêtant... Bref ne me correspondait pas du tout au final.",5,fr,Angel,Sephora,"I found the packaging very nice and I was eager to smell it saw the very positive reviews for this fragrance. I was really disappointed, the smell of this fragrance is just unbearable for me and I found it pretty heady ... So do not fit me at all in the end."
J'ai été deçu par le parfum il sent fort j'aime pas du tout en plus de ça il coute cher j'aime bien le flacon mais le reste non,5,fr,Angel,Sephora,I was disappointed by the scent he feels strong I do not like at all what's more it is expensive I like the bottle but not the rest
Totallement accroc. Sans conteste l'un des mes deux parfums préféré.,5,fr,Angel,Sephora,Totally hooked. Without doubt one of my two favorite flavors.
"Après le Lolita Lempicka je cherchais un nouveau parfum ""de caractère"". J'ai essayé Angel et ai trouvé que son odeur était différente sur moi, pas aussi entêtante.Pour info les filles, si vous achetez le ressourçable, faire remplir votre flacon dans un sephora coûte bien bien moins cher que d'acheter une ressource ! J'ai gagné +30€ pour mon 25ml !! et oui on paye le packaging !",5,fr,Angel,Sephora,"After Lolita Lempicka I was looking for a new perfume ""character"". I tried Angel and found his scent was different about me, not as entêtante.Pour info girls, if you buy the refillable, to fill your bottle in a Sephora costs much less than buying a resource! I won my + 30 € for 25ml !! and yes we pay packaging!"
"Magnifique flacon, mais un peu trop coûteux. Je n'ai pas encore trouvé mon idéal de parfum.",5,fr,Angel,Sephora,"Beautiful bottle, but a little too expensive. I have not found my ideal fragrance."
"Certes très sinon trop porté, assez sec et sombre sur moi, je replonge après une interruption dans son univers. Me suis même offert l'Etoile Collection pour la maison alors que j'ai la Vertigineuse au bureau et une mini dans mon sac ... impossible de faire sans lui, parfois associé, pour ""signer"" de façon théâtrale, à Aromatics Elixir, il est fabuleux. Et l'une de rares gammes de dérivés pour le corps qui en vaille vraiment la peine. A l'heure des reformulations, des restrictions, de la crise et de la morosité, il est d'autant plus d'actualité.",5,fr,Angel,Sephora,"Certainly very if not too worn, fairly dry, dark on me, I am back after a break in her world. I am even offered the Star collection for the house when I Vertigineuse the office and a mini in my bag ... impossible to do without it, sometimes associated to ""sign"" theatrically in Aromatics Elixir, it is fabulous. And one of the few derivatives ranges for body who really worthwhile. At a time reformulations, restrictions, crisis and gloom, it is all the more topical."
"Mon parfum chéri depuis 15 ans...Je reviens toujours à lui, il me réconforte. Quand on a goûté à son odeur enveloppante comme une caresse, on ne peut plus s'en passer. A la fois sensuel et gourmand, on passe de femme fatale à petite fille gourmande",5,fr,Angel,Sephora,"Darling fragrance for 15 years ... I always come back to him, he comforts me. When one has tasted the smell enveloping like a caress, we can not do without. At once sensual and greedy, going from fatal woman greedy little girl"
"A 20 ans, je l'aimais bien car il me correspondait. A bientôt 40, je l'ai eu en cadeau et il est resté longtemps dans mon placard car son odeur m'écœure... Même si le flacon est superbe. J'ai fini par le donner à une amie au grand dam de ma tante qui m'a dit qu'il s'agissait du ressourçable, oups!!!",5,fr,Angel,Sephora,"At 20, I liked him because it suited me. At almost 40, I got a gift and it has long been in my closet because its smell sickens me ... Even if the bottle is superb. I ended up giving it to a friend to the chagrin of my aunt told me that it was the refillable, oops !!!"
"Il y a quelques années j'avais senti ce parfum qui m'avait beaucoup plus, là je l'ai reçu en échantillon et je n'ai pas trop aimé l'odeur, je l'ai fait essayé sur plusieurs personne et j'ai l'impression qu'ils sent la transpiration lol je sais pas pourquoi mais c'est ce que je trouve. c'est domage parce que il a l'air d'être sucré. enfin peut etre l'eau de parfum est trop forte pour moi",5,fr,Angel,Sephora,"Just a few years I had felt this perfume that had me much, there I received a sample and I did not really like the smell, I did try several person and I ' I think they feel the sweat lol I do not know why but that's what I think. it's a shame because he seems to be sweet. finally can be the scent of water is too much for me"
"Angel est un parfum qui coûte assez cher, malgré cela je l'avais acheter et mis quelques temps, et bien j'ai tenu que 2 semaines, son odeur me mettais mal de tête de plus que mon entourage me fessait la remarque ah tu a mis angel ça sent fort ! M'ouii j'avoue ça sent fort mais c'est lourd à porter, j'ai été déçu de l'avoir acheter encore un parfum mis dans le placard",5,fr,Angel,Sephora,"Angel is a perfume which is quite expensive, yet I'd buy it and put some time and although I held 2 weeks, smell badly put me head taller than my surroundings spanked me remark ah you have angel put it smells strong! Me ouii I admit it smells strong but it is heavy to wear, I was disappointed to have even buy a fragrance set in the closet"
"Je ne vais pas me faire que des copines, mais personnellement je trouve tout vulgaire dans ce parfum : son odeur envahissante de fête foraine, son flacon tape-à-l'oeil, même leurs pubs sont vulgaires. Pour moi ce parfum, c'est l'antithèse de la ""classe"".",5,fr,Angel,Sephora,"I will not make me as girlfriends, but personally I quite vulgar in this fragrance: the pervasive smell of carnival, the bottle-catching the eye, even their ads are vulgar. For me this perfume is the antithesis of the ""class""."
"un parfum enivrant , le flacon est magnifique , je le recommande à tout les femmes !",5,fr,Angel,Sephora,"an intoxicating fragrance, the bottle is beautiful, I recommend it to all women!"
"angel a une odeur inoubliable, c'est un melange de sensualité et de gourmandise! il est envoutant, et on se retourne toujours sur une femme qui porte angel que l'on soit homme ou femme nous voulons voir qui porte ce parfum!! c'est impressionnant! je porte ce pafum depuis 11ans et je travaille dans le commerce tout mes collegues H/F sont intrigués par son odeur et mes clientes qui le portent ne laissent pas leur passage indifferent. essayez -le!!!",5,fr,Angel,Sephora,"angel has an unforgettable scent is a mixture of sensuality and indulgence! it is captivating, and it always backfires on a woman angel door that one man or woman we want to see wearing this perfume !! it's impressive! I wear this pafum since 11 years and I work in the trade all my colleagues M / F are intrigued by its smell and my clients who wear do not leave them indifferent way. -The try !!!"
j'avais acheter le parfum pour la bouteille très jolie mais j'ai était déçu je trouve se parfum écoeurent j'aime pas du tout son odeur,5,fr,Angel,Sephora,I buy perfume for the lovely bottle but I was disappointed I find to nauseate I love perfume not smell
"Angel a la particularite d'etre un parfum qui varie enormement selon la peau . C'est pour cela que je conseillerais de l'essayer ou de se procurer un echantillon . Sur quelques personnes il est divin , et sur d'autre , l'odeur prend une autre tournoure . Quand a moi , on me dit qu'il me va tres bien . J'aime beaucoup ses notes sucres et chaudes . C'est pour moi un parfum singulier et unique . Je trouve que le flacon est aussi un des plus beaux .",5,fr,Angel,Sephora,"Angel has the peculiarity of being a fragrance that varies enormously depending on the skin. This is why I advise to try or to obtain a sample. On some people it is divine, and on the other, the smell takes another tournoure. When I was, I was told it suits me very well. I love its sugars notes and warm. It gives me a unique flavor and unique. I think the bottle is also one of the finest."
"Des que je sens cette odeur, je pense à ma maman qui adore ce parfum. C'est vrai que l'odeur est forte, mais c'est ce que j'aime dans ce parfum, quand je le mets, je sais qu'il va tenir toute la journée sur ma peau pas comme d'autres parfums comme Candy de Prada ainsi que Nina Elixir de Nina Ricci qui ne tienne pas du tout sur ma peau. Enfin bref pour moi c'est un must have",5,fr,Angel,Sephora,"As soon as I feel that smell, I think about my mom who love this scent. It is true that the odor is strong, but that's what I like about this perfume, when I put it, I know it will take all day on my skin like no other flavors like Candy Prada and Nina Ricci Nina Elixir which does not take at all on my skin. Anyway for me it is a must"
"J'ai eu beau essayer, ce parfum n'est pas pour moi. On m'a offert un flacon que l'on peut remplir à nouveau quand il est vide, mais je ne compte pas utiliser cette possibilité. J'ai beaucoup de mal avec l'odeur forte, qui persiste trop longtemps sur la peau et les vêtements. Je pense que l'absence de notes fleuries est pour beaucoup dans ma difficulté à aimer ce parfum. Pourtant, le flacon en étoile est sublime et me tentait beaucoup.",5,fr,Angel,Sephora,"I had try, this perfume is not for me. They offered me a bottle that can be refilled when empty, but I do not intend to use that possibility. I have great difficulty with the strong smell that lingers too long on the skin and clothing. I think the lack of notes flower has a lot to my difficulty to love this perfume. Yet the bottle star is sublime and tried me."
"A-t-on le droit de dire ici que l'on n'aime pas Angel ? Si vous trouvez que sentir la barbe à papa, ce n'est pas glamour; et si vous ne supportez pas de faire un pas dans la rue sans sentir votre odeur décuplée à l'infini, dans le métro, le bus, au travail, au restaurant, au cinéma, dans les salles de spectacles au point de penser que vous êtes clonée, alors fuyez.... La seule chose positive dans ce parfum c'est sa bouteille et cette magnifique couleur bleue insolite pour un jus (je me plains suffisamment de la couleur standard rose pâlote des parfums actuels...)",5,fr,Angel,Sephora,"Was it right to say here that we do not like Angel? If you find that smell cotton candy, it's not glamorous; and if you do not support to step into the street without feeling your smell tenfold to infinity, in the subway, the bus, at work, in restaurants, in movies, in the theaters into thinking you are cloned, then flee .... the only good thing about this perfume is its unusual bottle and the magnificent blue color for a juice (I complain enough standard pink palote current perfumes ...)"
"il sent trés bon et dur longtemps, prix un peu haut quand même !!!",5,fr,Angel,Sephora,"it feels very good and hard time, prices a little high anyway !!!"
"Un parfum qui a beaucoup de caractère!! Il a une odeur très prononcée, et tient parfaitement!!! Malgré une originalité à sa sortie, il est devenu plutôt commun car très connu et répendu... ce qui est dommage! mais pour ma part il reste quand même un nectar appréciable et agréable à porter les longues journées d'hiver!!!",5,fr,Angel,Sephora,"A perfume that has character !! It has a very strong smell, and fits perfectly !!! Despite originality to its release, it became more common for highly experienced and répendu ... which is a shame! but for me it's still a valuable nectar and pleasant to wear the long days of winter !!!"
"Meme si ca peut vous paraitre bizarre angel aujourd'hui sent en effet frais et leger. Quand j'avais 12 ans il sentait plus ""profond"" et plus chocolaté sucré. Il es devenu moins entetant. Jadore le porter de temps a autre car il me rappelle mon enfance et adolescence. Le parfum aujourd'hui ressemble un peu a wish a de chopard. Ou est-ce que les facultés olfactives changent vraiment avec l'age? Le parfum sent peut etre toujours pareil c'est moi qui ai pris de l'age. Personnellement jaime bien ce parfum",5,fr,Angel,Sephora,"Even if you ca can sound weird angel now feels fresh and light effect. When I was 12 he felt more ""deep"" and sweet chocolate. There have become less heady. JAdore bring it from time to time because it reminds me of my childhood and adolescence. The fragrance today is a bit like a wish has Chopard. Or is that olfactory faculties really change with age? The fragrance can be felt still like it was me who took the age. Personally jaime what perfume"
super parfum donne une note sucré il tiens bien sur toute une journée,5,fr,Angel,Sephora,super sweet fragrance gives a rating it hold good on all day
Un parfum qui tient toute la journée; envoûtant et sensuel ! Les amateurs de vanille seront séduits (les autres risquent de ne pas apprécier),5,fr,Angel,Sephora,A fragrance that lasts all day; bewitching and sensual! vanilla lovers will appreciate (the others may not appreciate)
"c'est un parfum extraordinaire, pour l'hiver il est génial!!! je le conseil meme s'il ne va pas à tous le monde. c'est un parfum de caractère!!! lol",5,fr,Angel,Sephora,it is an extraordinary fragrance for the winter it is great !!! I even board it is not going to all the world. this is a boutique perfume !!! lol
"angel est un magnifique parfum,presque parfait ,mais tellement porté,bcp trop porté!!pour le coup,manque d originalité et devenu presque vulgaire!!quel dommage!j aurai voulu l avoir rien que pour moi,mais je ne le porte pas.j ai 3 voisines qui le porte déja!!",5,fr,Angel,Sephora,"Angel is a beautiful scent, almost perfect, but so worn, bcp too !! worn for once, lack of originality and become almost commonplace !! What a pity! I have wanted to have it just for me, but I do not wear it .j have 3 neighbors who already bears !!"
"le meilleur parfu de tous les temps je le porte souvent l'hiver, et pour moi le fait que ce soit un flacon ressourçable est vraiment economique ! c'est une merveille gourmande et associé à la crème pour le corps c'est une alliance parfaite de plus le flacon est magnifique",5,fr,Angel,Sephora,"the best of all time carving tools mus I often wear the winter, and for me that this is a refillable bottle is really economical! is a gourmet delight and associated with body cream is a perfect combination of more bottle is beautiful"
"Voilà le genre de parfum que tout le monde aime , sauf moi ! A sa sortie en 1992 il était sans doute très original, mais depuis trop de maisons se sont engouffrées dans la tendance ""gourmand-ultra sucré"" . Allant toujours dans la surenchère . J'ai d'ailleurs du mal à comprendre que tant de gens ici l'aient qualifié de ""Frais et Léger"" Autre problème tout le monde le porte, on le sens sans arrêt, dans la rue , dans le métro , au cinéma , dans les files d'attentes , dans les toilettes pour dames ... Partout !!! Si vous êtes une inconditionnelle , chacun ses gouts, mais si vous voulez être originale, essayez autre chose!",5,fr,Angel,Sephora,"This is the kind of scent that the whole world loves but me! On its release in 1992 it was probably very original, but since too many houses were engulfed in the trend ""greedy ultra-sweet"". Going still in the bidding. I also struggle to understand that so many people here have described as ""Fresh and Light"" Another problem everyone the door, meaning without stopping in the street, in the subway, cinema, in queues in the ladies room ... Everywhere !!! If you are an unconditional, everyone's tastes, but if you want to be original, try something else!"
"C'est ""mon parfum"" par excellence!! je le mets depuis de nombreuses années et je ne m'en lasse pas!! L'étoile est magnifique! Il ni à rien a ajouter...",5,fr,Angel,Sephora,"It is ""my perfume"" quintessential !! I put in many years and I do not get enough !! The star is beautiful! He or anything to add ..."
"super pratique, odeur magnifique.... envoûtante ....",5,fr,Angel,Sephora,"super convenient, beautiful mesmerizing smell .... ...."
"Rien à dire si ce n'est le meilleur des parfums !!!! Tout est dans ce flacon, l'alliance de différentes odeurs donne un résultat fraîs et en même temps prononcé. Je le conseille à toutes !!!!",5,fr,Angel,Sephora,"Nothing to say if this is the best perfume !!!! Everything is in this bottle, the alliance of different odors result gives a fresh and at the same time pronounced. I recommend it to all !!!!"
"J'adore ce parfum, on ne peux pas le confondre car il est unique. Je ne m'en lasse pas.",5,fr,Angel,Sephora,"I love this perfume, it can not be confused as it is unique. I do not get enough."
Je porte Angel depuis des années et je ne peux plus m'en séparer ce parfum fait partie de ma vie.,5,fr,Angel,Sephora,I wear Angel for years and I can not separate myself this fragrance is part of my life.
Cela fait un lapse de temps que je l'utilise et jamais je m'en lasse,5,fr,Angel,Sephora,This is a time lapse that I use and I never get tired
"L'engouement pour "" Angel "" reste pour moi un mystère. Je trouve ce parfum vulgaire et désagréable. Définitivement non !",5,fr,Angel,Sephora,"The craze for ""Angel"" remains a mystery to me. I find it vulgar and unpleasant scent. Definitely not!"
"l unique du parfum !! je l utilise depuis des années et franchement il est incontournable, on revient toujours à lui, sans commentaire!!",5,fr,Angel,Sephora,"the single perfume !! I have been using for years and frankly it is unavoidable, it always comes back to him without comment !!"
"Malgré son age il ne se démode pas, une odeur envoûtante qui tient à la peau.",5,fr,Angel,Sephora,"Despite his age he is timeless, haunting smell that keeps the skin."
"ce parfum est plutot fort et vous suit toute journee et envoute ceux qui vous approche,il est parfait pour seduire",5,fr,Angel,Sephora,"this perfume is pretty strong and follows you all day and captivates those who you approach, it is perfect to seduce"
"on le reconnait tout de suite! j'adore ce parfum, je ne m'en lasse pas! de plus, le flacon est superbe! attention quand même à ne pas trop forcer sur la dose, un pshitt suffit!",5,fr,Angel,Sephora,"is the recognized right away! I love this perfume, I do not get enough! Moreover, the bottle looks great! careful anyway not too much force on the dose, a sufficient pshitt!"
c'est un parfum qui est sublime qui tien et dure longtemps pas besoin d'en mettre 2 fois par jour ilest envoutant,5,fr,Angel,Sephora,This is a fragrance that is sublime and yours that lasts long not need to put 2 times daily Itis bewitching
Une odeur très agréable à porter et qui séduit beaucoup mon compagnon,5,fr,Angel,Sephora,A very pleasant smell to wear and which wowed my companion
c'est l'un des seuls que j'aime de chez thierry mugler avec depuis peu le parfum innocent,5,fr,Angel,Sephora,it's one of the only home I like Thierry Mugler with recently innocent perfume
Je trouve que ce produit a pris un sérieux coup de vieux aussi bien pour son jus que pour son esthétique,5,fr,Angel,Sephora,I think this has taken a serious blow to both his old juice for its aesthetics
"Un parfum très gourmand, il faut aimer le patchouli... un peu entêtant quand même... Il tient très longtemps, à doser avec modération car ça passe ou ça casse ! C'était mon parfum entre 18 et 25 ans... je m'en suis lassée. Et puis il est vraiment trop porté (pas autant que le Lolita Lempcika mais quand même) et c'est peut-être aussi pour ça qu'on s'en lasse...",5,fr,Angel,Sephora,"A very gourmand perfume, you must love patchouli ... a little heady anyway ... It takes a very long time to be dosed in moderation because it's make or break! It was my perfume between 18 and 25 years old ... I'm tired myself. And then there is really too worn (not as much as Lolita Lempcika but still) and it is perhaps also why we get tired ..."
c'est mon parfum je les comander en 500ml je l'adore LOVE,5,fr,Angel,Sephora,this is my perfume I comander the 500ml I love LOVE
"Je le porte depuis plus de 10 ans chaque hiver, (il est trop fort pour l'ete pour moi) et je ne m'en lasse pas!! Aucun parfum n'est a sa hauteur, on le sent toujours sur les vetements, c'est agréable! Seul parfum qui reste sur moi meme au bout de 10heures!",5,fr,Angel,Sephora,"I wear it for over 10 years every winter (it is too strong for the summer for me) and I do not get enough !! No perfume is at its height, it always feels on the clothes, it's nice! Only scent that remains on me even after 10 hours!"
"je le porte depuis 1992, année de sa sortie! on peut dire que je lui suis très fidèle... je n'arrive pas a en changer tellement il me ""colle a la peau""! c'est mon essence, mes tripes, bref c'est ANGEL et aucun autre... tous les produits dérivés( douche, crème pour les mains sublime!, etc...) sont exceptionnels, dans le sens ou on a LA senteur dans toutes ces différentes textures... c'est un pur bonheur!",5,fr,Angel,Sephora,"I wear since 1992, year of its release! one can say that I am very loyal to him ... I can not seem to change so it myself ""sticks to the skin!"" it is my essence, my gut is short ANGEL and no other ... all derivatives (shower, cream sublime hands !, etc ...) are exceptional in the sense that it was THE scent in all these different textures ... this is pure happiness!"
"je ne peux plus me passer d'Angel. J'essaie parfois d'autres parfums, mais ils ne me conviennent pas.",5,fr,Angel,Sephora,"I can not do without Angel. Sometimes I try other flavors, but they do not suit me."
"J'ai ce parfum depuis des années. Je ne peux m'en séparer. Il reste LE parfum. Envoutant, sensuel, on ne l'oublie pas. Il est tenace. Même lavés, les fringues sentent toujours angel !",5,fr,Angel,Sephora,"I have this perfume for years. I can not part with it. It remains THE perfume. Captivating, sensual, we will not forget. He is tenacious. Even washed the clothes always feel angel!"
Il tient toute la journée...parfum hyper féminin...j'adore!,5,fr,Angel,Sephora,It takes all day ... hyper feminine fragrance ... I love it!
"il est mon parfum depuis plus de 10 ANS, et malgré des essais d'autres essences il reste mon préféré!",5,fr,Angel,Sephora,"it is my perfume for over 10 YEARS, despite testing other species remains my favorite!"
il faut absolument l'avoir! il est tellement hors du commun qu'il ne laisse pas indifférent! bref je ne m'en passe plus!! je l'ADOOOOOORRRREEEE.....dommage que nous soyons aussi nombreuses à le porter...,5,fr,Angel,Sephora,it is essential to have it! it is so unusual that it leaves no one indifferent! Briefly I pass me more !! I ADOOOOOORRRREEEE ..... pity we are as likely to wear the ...
"Angel, c'est un parfum qu'on aime ou qu'on déteste. Personnellement, je l'ai depuis presque 10 ans maintenant, je ne le mets pas tous les jours (car sinon on s'en lasse) mais de temps en temps, ce parfum au caractère bien présent est un bonheur ! A utiliser avec parcimonie, il devient bien vite une caractéristique de la personne. Sensuel, chaud, c'est selon moi plus un parfum d'hiver ou de soirée, et qui envoûte facilement sur son passage. Par contre, il vire très facilement sur certaines personnes et devient alors irrespirable. A tester donc avant d'acheter!",5,fr,Angel,Sephora,"Angel is a perfume you love or hate. Personally, I have for almost 10 years now, I do not put it every day (because otherwise you get tired), but from time to time, this fragrance well this character is a joy! Use sparingly, he soon becomes a characteristic of the person. Sensual, hot, is in my opinion more a perfume or winter evening, and that captivates easily in its path. By cons, it turns very easily and some people becomes unbreathable. A so try before you buy!"
ANGEL EST MON PARFUM PREFERE DEPUIS SA CREATION ILEST PARFAITEMENT ADAPTE A MA PEAU ILEST FAIT POUR MOI POURTANT J/AI ESSAYE LES NOUVEAUTES ANS SUCCES,5,fr,Angel,Sephora,ANGEL PERFUME IS MY FAVORITE SINCE ITS CREATION Itis PERFECTLY SUITED TO MY SKIN Itis DONE FOR ME YET J / AI TRY THE NEW YEAR SUCCESS
"Une odeur superbe, ainsi qu'un flacon trop joli! =) Angel de Thierry Mugler est pour moi ""LE"" parfum!",5,fr,Angel,Sephora,"A wonderful smell and a bottle too pretty! =) Angel by Thierry Mugler is for me ""the"" fragrance!"
depuis plusieurs annees je porte votre parfum qui me va tres bien j ai souvent des compliment de personnes que je croise dans la rue et me demande ce que je porte et maintenant je commence a porter alien qui me va tres bien aussi grand merci d avoir creer un aussi jolie parfum,5,fr,Angel,Sephora,"For several years I wear your perfume that suits me very well I have often people compliment I meet in the street and wonder what I wear, and now I'm starting to wear alien suits me very well as big thank you to you create such a lovely fragrance"
"C'est très spécial, mais pas dans le bon sens... Je comprend qu'on puisse aimer mais personnellement ce parfum m'écoeure plus qu'autre chose.",5,fr,Angel,Sephora,"It's very special, but not in a good way ... I understand that you can love this perfume but personally sickens me more than anything."
"j'ai commencé par le parfum en lait pour le corps et le parfum en gel pour la douche. Puis, j'ai testé le parfum en brume pour les cheveux ainsi que le parfum en gelée précieuse. Maintenant, j'ai la totale, crème pour le corps, pour les mains, déo en roll-on et en spray ainsi, bien sur que la flacon ressourçable... un vrai plaisir, une vrai drogue, je ne peux + me passer de ces produits.",5,fr,Angel,Sephora,"I started with the fragrance in body lotion and perfume gel for the shower. Then I tested the fragrance mist for the hair and the perfume precious jelly. Now I have full, body cream, hand, deodorant roll-on and spray as well, of course that the refillable bottle ... a pleasure, a real drug, I can pass me + of these products."
"J'ai porté ce parfum quelques temps, l'odeur est très agréable mais définitivement trop forte pour moi... c'est une odeur presque masculine, ce n'est pas désagréable mais dès le matin c'est presque écoeurant! pas pour moi donc :)",5,fr,Angel,Sephora,"I wore this perfume a while, the smell is very nice but definitely too much for me ... it's almost masculine smell, not unpleasant but in the morning it's almost sickening! not for me then :)"
J'ai du mal à trouver un parfum qui tient sur ma peau. Angel se fait de plus en plus sucré au fil de la journée ne vire pas : Soit on l'adore ou soit le trouve entêtant c'est une question de peau ! . Avant de me décider à acheter l'étoile ressourçable 50 ml j'ai essayé 2 échantillons et je l'ai adopté ! Bonne tenue. Parfum très cher pour les ressourçables mais un investissement qui en vaut la peine un geste économique et écologique. Avec l'eau de Parfum on en met moins qu'avec l'eau de toilette et puis avec l'avantage de 10 % de réduction c'est appréciable !.,5,fr,Angel,Sephora,"I struggled to find a perfume that fits on my skin. Angel is increasingly sweet throughout the day does not turn: You either love it or be found haunting is a skin issue! . Before deciding to buy the star refillable 50ml I tried 2 samples and I passed! Well dressed. Perfume very expensive for ressourçables but an investment that is worth an economic and ecological gesture. With water Perfume is in places less than toilet water, and then with the benefit of 10% discount is appreciated!."
"Un créateur digne de ce nom. Il nous offre ici, un parfum différent de ceux présents sur le marché! Une odeur qui se fait de plus en plus sucré et poudré au fil de la journée, un flacon en forme d'étoile jamais vu nul part qui fait rêver. Un achat qu'on ne regrette pas.",5,fr,Angel,Sephora,"A creator worthy of the name. We offer here a perfume different from those on the market! A smell that is more sweet and powdery throughout the day, a bottle shaped star ever seen anywhere that dream. A purchase you did."
J'adore ce parfum depuis plusieurs années et je le recommanderai sans ésiter à une amie,5,fr,Angel,Sephora,I love this perfume for years and recommend to a friend without eSite
"On le reconnaît tout de suite, il est différent des autres, n'essaye pas de copier tel ou tel fragrance, j'étais littéralement envoûtée, et, au fil de la journée l'odeur s'est transformée en une senteur sucrée et franche que j'aime tout particulièrement!",5,fr,Angel,Sephora,"It recognizes right away, it is different, do not try to copy a particular fragrance, I was literally spellbound, and, over the smell of the day turned into a sweet scent and frank I particularly like!"
L'eau de parfum est sublime j'adore son parfum unique que l'on ne retrouve nulle pert et surtout dans aucun parfum il est inimitable,5,fr,Angel,Sephora,The eau de parfum is sublime I love the unique flavor that is not found anywhere pert and especially no scent is unmistakable
"Très bonne tenue pour ce parfum sexy et glamour! Pour l'été, il serait souhaitable d'avoir une version plus light...",5,fr,Angel,Sephora,"Very good performance for this sexy fragrance and glamor! For summer, it would be desirable to have a light version ..."
"Ce parfum, soit on l'adore, soit on le déteste. 2ème option pour moi: lourd, entêtant, poivré, pas discret... Je comprend qu'il y ai des adeptes, mais tout est une histoire de personnalité!",5,fr,Angel,Sephora,"This fragrance, or you love it or you hate it. 2nd option for me: heavy, heady, peppery, not discreet ... I understand that there have followers, but personality is a story!"
"Le seul parfum dont je ne lasse pas. Par contre, je ne le porte jamais l'été.",5,fr,Angel,Sephora,"The only perfume that I never tire. By cons, I will never wear this summer."
"j'ai adoré mais je trouve que depuis un an il est de moins en moins odorant, il faut en mettre beaucoup pour sentir quelque chose, très cher maintenant, je vais choisir autre chose",5,fr,Angel,Sephora,"I loved it but I think last year there is less and less odorous, you have to put a lot to feel something, very expensive now, I'll choose something else"
"Je le porte depuis sa création.... et je ne peux pas le changer ... C'est un parfum ennivrant et qui ne laisse pas l'entourage indiférent !!! Il est vraiment particulier et depuis 15 ans, il fait partie de moi .. je l'ADORE !!!!",5,fr,Angel,Sephora,"I wear since its creation .... and I can not change ... It's a heady fragrance and do not let the surroundings indiferent !!! It is really special and for 15 years, it is part of me .. I LOVE it !!!!"
"rien a dire par contre je pense qu'il est idéal en hiver , mon ami adore cette note sensuelle",5,fr,Angel,Sephora,"nothing to say against I think it is ideal in winter, my friend love this sensual note"
je suis amoureuse d'angele et cela depuis des année je ne peux pas m'en passée c'est un parfum unique,5,fr,Angel,Sephora,I'm in love with angele and this for years I can not past me is a unique fragrance
"je l'ai depuis qu'il existe...je n'en veux pas d'autre,il me va à ravir,on ne cesse de me le répéter. je m'en passe uniquement lorsqu'il fait très chaud.",5,fr,Angel,Sephora,"I have been there ... I do not want no other, it suits me to perfection, we are constantly repeat myself. I pass me only when it is very hot."
"Je l'utilise depuis sa mise sur le marché surtout dans la periode de Noel,car il a les senteurs chaudes et gourmandes de cette periode de fetes.Il est tres sensuel,le flacon sublime et sa couleur une merveille.Bref j'adore son univers magique.Le spot publicitaire superbe aussi.",5,fr,Angel,Sephora,"I use it for its placing on the market especially in the Christmas period, because it has the warm scents and delicious this period of fetes.Il is very sensual, sublime bottle and its color a merveille.Bref I love her universe magique.Le superb commercial too."
super tres bon odeur ma fille adore je le recommende a offrir pour toute ocassions,5,fr,Angel,Sephora,Super very good for my daughter loves to offer I recommend for any ocassions
"Angel est un parfum trés sensuel que je porte trés bien depuis quelques année , vu ce que l'on me dis quand je passe , il est trés agréeable de sentir si bon , Angel est sensuel et sexy a la fois , il me rends belle, et ca me fait du bien .",5,fr,Angel,Sephora,"Angel is a very sensual fragrance that I wear very well in recent years, given what we tell myself when I go, it is very agreeable to feel so good, Angel is sensual and sexy at the same time, I realize beautiful, and it makes me feel good."
"Aucun parfum, aucunes fragrances ne détrônnera (pour moi) ANGEL ! non seulement parce que j'ai le besoin de m'y blottir, mais aussi, parce que tous les jours je n'en ai que des compliments, où que j'aille, boulot-transports en communs-magasins je ne reçois que des compliments, mes proches ne cessent de me dire qu'ANGEL sur moi est une merveille, qu'il se développe divinement ; pour ma part je pense que la qualité de ce parfum, fait qu'il évolue avec une harmonie extraordinaire",5,fr,Angel,Sephora,"No perfume, no fragrances do détrônnera (for me) ANGEL! not only because I need to cuddle me, but also because every day I have only compliments, wherever I go, work-shops, public transport I do not get that compliments, my family keep telling me that Angel on me is a wonder, it is divinely develops; for my part I think the quality of this perfume, that it evolves with extraordinary harmony"
"Mon deuxième moi, ma deuxième peau, mon alter ego...",5,fr,Angel,Sephora,"My second me, my second skin, my alter ego ..."
TRES MEME TROP SUCRE... TROP FORT... TRES PARTICULIER... TOUT LE MONDE LE PORTE... TOUT LE MONDE LE RECONNAIT.... UN PARFUM QUI ETAIT ORIGINAL AU DEPART DEVENU BANAL 18 ANS APRES... UN POINT POSITIF : LE DESIGN DU FLACON,5,fr,Angel,Sephora,VERY SAME SUGAR TOO ... TOO HIGH ... VERY SPECIAL ... EVERYONE THE DOOR ... EVERYONE RECOGNIZES .... FRAGRANCE THAT WAS ORIGINAL DEPARTURE BANAL BECOME AN 18 YEARS AFTER ... POSITIVE POINT: DESIGN BOTTLE
"Je porte Angel depuis sa création, gel douche, crème pour le corps, parfum ... la gamme complète m'a conquise. Je ne peux envisager de porter autre chose !!!",5,fr,Angel,Sephora,"I wear Angel since its inception, shower gel, body lotion, perfume ... the full range conquered me. I can consider wearing something else !!!"
Le flacon n'a pas son égal et son contenu est très agréable à porter SUR SOI en toutes circonstances et laisse sur le passage une envolée de senteurs...,5,fr,Angel,Sephora,The bottle is unequaled and its content is very wearable ON SELF in all circumstances and leaves passing a flight of scents ...
Je porte Angel depuis 17 ans et il ne m'a jamais quittée.Quand on découvre Angel plus aucun autre parfum n'existe,5,fr,Angel,Sephora,I wear Angel for 17 years and he never quittée.Quand we discover more Angel perfume are no other
"Un parfum qui a du corps et de l'allure, il trône désormais parmi mes préférés : Calèche d'Hermès et Insolente de Guerlain",5,fr,Angel,Sephora,A fragrance that has the body and the look he now throne top choice: Calèche Hermès and Guerlain Insolent
"J'adore ce parfum depuis sa création, je change de temps en temps mais j'y reviens toujours.",5,fr,Angel,Sephora,"I love this perfume since its inception, I change from time to time but I always come back."
"Ce parfum m'a plus de suite, son odeur que tout le monde reconnait et vous félicite de le porter ce ne sont que des compliments. Une vrai signature lorsque je passe dans une boutique, ou a ma banque on me reconnait a l'odeur !!!!!!!!!!!!!",5,fr,Angel,Sephora,"This perfume me more now, its smell that everyone recognizes and welcomes you to wear these are only compliments. A true signature when I go into a shop, or my bank one recognizes me smell !!!!!!!!!!!!!"
super je l'utilise depuis des années.,5,fr,Angel,Sephora,great I use it for years.
"le jour ou je l'ai essayé, je n'ai jamais trouvé un autre parfun qui me convenait, je n'arrive pas à changer.",5,fr,Angel,Sephora,"the day I tried it, I have never found another parfun suited me, I can not change."
"un parfum qui me suiveras toute ma vie,ma fille me l empreinte avec discretion",5,fr,Angel,Sephora,"a fragrance that suiveras all my life, my daughter the footprint me with discretion"
"En découvrant Angel en 1992,j'ai été victime d'un véritable coup de foudre. Aujourd'hui encore,17 ans après,Angel et moi,ça reste une très belle et grande histoire d'amour!!!!!!!!!!!!!!!",5,fr,Angel,Sephora,"Discovering Angel in 1992, I was the victim of a stroke of lightning. Even today, 17 years later, Angel and me, it's still a very beautiful and great love !!!!!!!!!!!!!!!"
"Un classique mon premier "" vrai"" parfum !! Toujours dans ma collection.",5,fr,Angel,Sephora,"A classic my first ""real"" perfume !! Always in my collection."
Cela fait des années que j'utilise ce parfum enivrant et je trouve que le flacon est magnifique. A utiliser pour toutes les occasions.,5,fr,Angel,Sephora,For years I use this perfume intoxicating and I find that the bottle is beautiful. Use for all occasions.
"J'adore ce parfum, ce flacon est beaucoup + facile à prendre en main que l'étoile; mais dommage qu'il n'existe pas en 50ml.",5,fr,Angel,Sephora,"I love this fragrance, the bottle is much + easy to handle as the star; but a pity that there is no 50ml."
"Angel est un parfum dont je ne peux plus me passer. Je l'utilise toute l'année et l'été j'opte pour une version plus ""soft"", notamment la brume pour cheveux?",5,fr,Angel,Sephora,"Angel is a perfume which I can not do without. I use it all year and summer I opt for a version more ""soft"", including the mist hair?"
"le flacon est beau,il sent tres bon!mon mari adore!donc c'est un de mes préférer",5,fr,Angel,Sephora,"the bottle is beautiful, it feels very good, my husband love it! So this is one of my preferred"
Mon parfum préféré depuis mes 16 ans... Aujourd'hui j'en ai 29 ! Comme moi : On aime ou on aime pas.,5,fr,Angel,Sephora,My favorite perfume since I was 16 ... Today I'm 29! Like me: One likes or dislikes.
"Parfum de séduction par excellence, idéal pour celles qui veulent s'affirmer et n'ont pas froid aux yeux... Porter Angel c'est afficher au monde son sex-appeal, oser etre une bombe onirique et s'en réjouir à chaque instant... L'éternel féminin revisité! Une tenue exceptionnelle et une gourmandise débordante, le plaisir à l'état pur! Plutot un parfum capiteux pour l'hiver. Point négatif: connu est reconnu de beaucoup de monde, très porté mais très largement apprécié!!!",5,fr,Angel,Sephora,"Scent of seduction par excellence, ideal for those who want to assert themselves and were not afraid of anything ... Wear Angel is show the world her sex appeal, dare to be a dreamlike bomb and rejoice every The eternal feminine yet ... revisited! A great fit and boundless greed, pleasure in its purest form! Rather a heady fragrance for winter. Negative: known is recognized by many people, but very focused largely appreciated !!!"
"J'ai toujours rêvé de supporter Angel, mais hélas pour moi, il me colle un mal de tête fracassant: trop fort, trop ""poivré"", à défaut d'un terme plus adapté. Quel dommage, car le flacon est quand même une merveille, un des plus beaux et originaux des 20 dernières années!",5,fr,Angel,Sephora,"I always dreamed of supporting Angel, but unfortunately for me, it sticks me a headache smashing: too strong, too ""pepper"", for want of a more suitable term. What a pity, because the bottle is still a wonder, an original of the finest and the last 20 years!"
"Un parfum sexy et sensuel, qui va vous envouter...mon mec l'adore ;)",5,fr,Angel,Sephora,A sexy and sensual fragrance that will bewitch you ... my guy love it;)
Angel me suit partout. Je porte le parfum et le pendentif étoile. L'étoile me porte bonheur. Je ne pourrais plus m'en passer. C'est un parfum que mon entourage apprécie et qui correspond à ma personnalité. J'adore Angel de Thierry Mugler... Je me sens Star...,5,fr,Angel,Sephora,Angel follows me everywhere. I wear perfume and star pendant. The star brings me luck. I could do without. It is a perfume that my entourage like and that fits my personality. I love Angel by Thierry Mugler ... I feel ... Star
"Grande amatrice de parfum....c'est sur celui-ci que je m'arrete tout le temps...meme si je le partage volontiers avec d'autres parfum ....difficile de s'arreter sur un,mais celui-ci est spécial...",5,fr,Angel,Sephora,"A lover of perfume .... it is on this that I stop me all the time ... even if I gladly share with other fragrance .... hard to stop on, but this one is special ..."
"le seul parfum, le vrai parmi les autres, bravo au créateur",5,fr,Angel,Sephora,"the only fragrance, among other true, bravo to the creator"
Je l'ai découvert pour mes 20 ans et je le porte sans cesse... il fait parti de moi... en moi jusqu'à la fin de mes jours,5,fr,Angel,Sephora,I discovered to my 20 years and I continually door ... it is part of me ... in me until the end of my days
"ce parfum reuni plusieurs critères à la fois tels que la séduction,la sensualité,la fraicheur..",5,fr,Angel,Sephora,"this perfume reuni several criteria at once as seduction, sensuality, freshness .."
"Parfum envoutant et reconnaissable parmi des milliers.... Et puis mon chéri adore, alors ?????",5,fr,Angel,Sephora,"Parfum captivating and recognizable from thousands .... And my darling love, then ?????"
"Mon parfum depuis des années,il fait parti de moi,bouge et vit avec moi tout au long de la journée.Il est tout simplement envoutant et sublime.",5,fr,Angel,Sephora,"My perfume for years, it is part of me, moves and lives with me throughout the journée.Il is simply captivating and sublime."
"un parfum super frais et qui reste, c'est pour moi le meilleur",5,fr,Angel,Sephora,super fresh and fragrance that remains is for me the best
"lorsque je mets : "" ANGEL "" , toutes les personnes que je cotoies me demande , quel est ce bon parfum ! Et là , je fais de la pub a THIERRY MUGGLER pour : "" ANGEL ""!",5,fr,Angel,Sephora,"when I put ""ANGEL"", all the people I cotoies wonder, what is this good perfume! And here I am in the pub THIERRY Müggler for ""ANGEL""!"
Ce flacon est magnifique. Il dégage une odeur exquise et à une tenue longue durée.,5,fr,Angel,Sephora,This bottle is beautiful. It gives off an exquisite scent and long-lasting wear.
"bonjour, ce parfum me proccure un état de bien être, il reste sur mes habits, les personnes me demandent souvent quel est ce parfum si agréable! quand je n'ai pas le moral je vaporise angel sur moi et je me sens au paradis, voila c'est un parfum que j'adore, et je resterai fidèle a angel",5,fr,Angel,Sephora,"hello, this perfume proccure me a state of well being, it remains on my clothes, people often ask me what is that smell so nice! when I do not have the moral I spray angel over me and I feel in paradise, here is a fragrance that I love, and I will remain faithful to angel"
"Il est indémodable et très original mais je trouve le parfum trop fort. Une goute et les vêtmeent même lavés plusieurs fois continuent à sentir. L'eau de toilette quand à elle ne tient pas du tout. Mais bon ca reste un de mes préféré même si tout le monde le reconnait à l'odeur, ce que je n'aime pas trop car cela donne une impression de banalité.",5,fr,Angel,Sephora,"It is timeless and very original but I find the flavor too strong. A drop and even vêtmeent washed several times still felt. The eau de toilette for when it does not take at all. But hey it's still one of my favorite although everyone recognizes the smell, I do not like because it gives a banal impression."
"c'est mon parfum depuis un moment , manque peu etre un tout petit peu de legereté pour l été , mais c pas grave , je l adore quand meme !",5,fr,Angel,Sephora,"this is my perfume for a while, may be missing a little bit of levity for the summer, but c not matter, I love it anyway!"
Je me parfume chaque matin avec Angel depuis sa sortie et je ne me lasse pas. Je ne peux changer de parfum il reflète ma personnalitée. En revanche je peux comprendre que ce parfum ne plaisse pas à tout le monde et tant mieux nous sommes déjà très nombreuses à le porter !!!,5,fr,Angel,Sephora,I anoint every morning with Angel since its release and I do not get tired. I can change my fragrance reflects personnalitée. However I can understand that this perfume does not Plaisse everyone and good we are already many to wear !!!
"Mon produit star. Mon parfum depuis plusieurs années. Un parfum qui amène des compliments, un parfum très apprécié par les hommes, un parfum sophistiqué mais qui peut se porter en toute occasion. Parfum magique. Oui, c'est bien mon produit star.",5,fr,Angel,Sephora,"My star product. My perfume for years. A fragrance that brings compliments, fragrance loved by men, but a sophisticated fragrance that can be worn on any occasion. magic perfume. Yes, that's my star product."
Un parfum aux multiples facettes et fragrances selon celle qui le porte et le moment où elle le porte. Lors d'une émotion ou lorsqu'il fait chaud le parfum de chocolat ressort et vous envoûte aussi bien qu'il vous apaise. Les flacons sont superbes et le ressourçable très pratique. Un des rares parfums (hors Guerlain) que je ne fais pas virer.,5,fr,Angel,Sephora,A perfume fragrances and multifaceted as the wearer and when she wears. In an emotion or fact when hot spring chocolate fragrance captivates you as well as it soothes you. The bottles are great and the handy refillable. A rare perfumes (Guerlain out) I'm not fired.
"enveloppant, un sillage inoubliable, tendre, enfantin et très féminin à la fois.",5,fr,Angel,Sephora,"enveloping an unforgettable wake, tender, childish and very feminine at once."
"le parfum incontournable dans sa salle de bain ,un parfum inédit qui ma litteralement envouter ,je ne peux pas m'en passé",5,fr,Angel,Sephora,"the inescapable scent in his bathroom, a new perfume that literally captivated me, I can not in my past"
"On ne le presente plus. Pour moi depuis sa sortie c'est mon parfum fétiche et ""remonteur de moral"".",5,fr,Angel,Sephora,"One presents the most. For me since its release it's my favorite perfume and ""morale rewinder."""
"Je l'ai découvert il y a un an et je ne suis pas prête d'en changer. Son parfum dégage une fraîcheur qui dure des heures, sans agresser son entourage. Une vraie prouesse",5,fr,Angel,Sephora,"I discovered it a year ago and I'm not ready to change. Its fragrance exudes a freshness that lasts for hours, without damaging his entourage. A real feat"
"Douceur, chaleur, rond et envoûtant. Ce parfum est reconnaissable parmis tous. C'est un délice !",5,fr,Angel,Sephora,"Softness, heat, round and mesmerizing. This scent is recognizable among all. It's a delight !"
ce parfun san tre bon il reste lonten il a rien na dir je pren que celui ci en plus il a un sentiment tre dou,5,fr,Angel,Sephora,this parfun san be good there is nothing he lonten na dir I pren that will increasingly be feeling a sense dou
"C'est vrai que ce parfum est un de ce que je pourrais mettre en sortant de chez moi le matin, mais ce n'est pas mon préféré. Ce parfum a une odeur pas trop forte que j'apprécie. essayez le !",5,fr,Angel,Sephora,"It is true that this fragrance is that I could put out of my house in the morning, but it's not my favorite. This perfume smells too strong that I appreciate. try it!"
Un parfum '''Flatteur''' ''Enivrant''qui ne laisse pas Indifférente,5,fr,Angel,Sephora,A perfume '' 'Flattering' '' '' Enivrant''qui does not let Indifferent
Parfum très agréable à porter aussi bien en hivers qu'en été,5,fr,Angel,Sephora,Perfume very comfortable to wear in summer as well in winter
"ce parfum est envoutant, son odeur est captivante. très longue durée sur la peau. le flacon est sublime",5,fr,Angel,Sephora,"this fragrance is captivating, his scent is captivating. very long on the skin. the flask is sublime"
ce parfum a une senteur formidable de plus c'est a conseiller si vous voulez l'offrir a une personne que l'on aime,5,fr,Angel,Sephora,This perfume has a wonderful scent of most is to advise if you want to offer to someone you love
"Parfum magique, envoutant et indémodable. A user sans modération",5,fr,Angel,Sephora,"Perfume magical, captivating and timeless. A user without moderation"
"Envoutant, chaud, énigmatique, odeur inoubliable que l'on reconnait entre 10000 autres parfums!!! Ca fait + de 10 ans que je le porte, j'ai déjà essayé de changé mais j'y reviens tjrs. Aucun parfums ne lui arrive à la cheville!!! Et en + tiens vraiment très bien à la peau. Je le recommande à toutes bien sur!",5,fr,Angel,Sephora,"Envoutant, hot, enigmatic, interesting odor that one recognizes between 10,000 other fragrances !!! It's been more than 10 years that I wear it, I tried to change, but I come back tjrs. No fragrance arrives at the ankle !!! + And like very well to the skin. I recommend it to all of course!"
C'est un parfum avec un petit coté piquant et poivré que j'adore.,5,fr,Angel,Sephora,It is a fragrance with a small side pungent and peppery which I love.
"Mon favori entre tous depuis sa sortie il y a au moins 12ans, j'en ai tout le temps et j'en porte régulièrement, de plus j'ai très souvent des compliments de la part d'inconnus me disant que c'est un choix judicieux, les hommes aiment beaucoup et très souvent ce parfum... A vous de tester !!!!",5,fr,Angel,Sephora,"My favorite among all since its release there are at least 12 years, I have all the time and I wear regularly, more often I compliments from strangers telling me that it is a wise choice, men love a lot and very often this perfume ... you test !!!!"
"J'ai ce parfum depuis des années. Je crois que j'ai enfin trouvé celui qui me convient : frais, doux et fruitée!",5,fr,Angel,Sephora,"I have this perfume for years. I think I finally found one that suits me: fresh, sweet and fruity!"
"Ce parfum est sophistiqué, doux et sensuel. Pour moi, c'est LE parfum STAR...!",5,fr,Angel,Sephora,"This perfume is sophisticated, soft and sensual. For me, this is THE STAR perfume ...!"
merveilleux parfum dont on ne se lasse pas même au fil du temps,5,fr,Angel,Sephora,wonderful fragrance which one never tires even over time
"Cet parfum sensuel, sexy et envoûtant. L'odeur la plus agréable et sensuelle pour attirer un homme dans ses filets. Il introduit une certaine dépendance",5,fr,Angel,Sephora,"This sensual fragrance, sexy and mesmerizing. The most pleasant and sensual scent to attract a man in his nets. It introduces some dependence"
"C'EST UN PARFUM LUMINEUX, ON NE PEUX PASSER A COTE SANS LE SENTIR. IL NOUS TRANSPORTE ET FAIT REVER. IDEAL POUR QUELQU'UN DE SPECIAL......",5,fr,Angel,Sephora,"PERFUME IS A BRIGHT, ON SIDE CAN GO WITHOUT FEELING. WE SHIP AND MAKES DREAM. IDEAL FOR SOMEONE SPECIAL ......"
"J'adore ce parfum, il sent très bon et la bouteille est magnifique.",5,fr,Angel,Sephora,"I love this perfume, it smells good and the bottle is beautiful."
"meme après plus de 10 ans de fidélité à angel, toujours le mème plaisir, je le porte comme un bijou précieux ;; mon étoile ne peut pas restée vide , je suis en manque très rapidement",5,fr,Angel,Sephora,"even after more than 10 years of loyalty to angel, always the meme fun, I wear it like a precious jewel ;; my star can not remain empty, I'm missing very quickly"
"Ce parfum laisse un sillage poudré, chaud, câlin ! Il attendri les plus coriaces !",5,fr,Angel,Sephora,This fragrance leaves a powdery wake warm hug! He touched the toughest!
"mon préféré, j'en suis accro,enivrant, étoilé, source de bonheur, de sérénité, d'apaisement...",5,fr,Angel,Sephora,"my favorite, I'm addicted, intoxicating starry source of happiness, serenity, healing ..."
"angel, parfum unique, envoutant qui libere des aromes de chocolat et vanille, on a envie de caresses .....",5,fr,Angel,Sephora,"angel, unique fragrance, bewitching that frees of chocolate and vanilla flavors, we want to caress ....."
"Les différents flacons sont des œuvres d'art à eux seuls! Le parfum quant à lui est enivrant, indémodable, presque ""magique""... à offrir, à s'offrir et à se faire offrir à toutes les occasions!",5,fr,Angel,Sephora,"The individual bottles are works of art in themselves! The scent is intoxicating meanwhile, timeless, almost ""magical"" ... to offer, to offer and be offered on all occasions!"
J'ai tellement senti ce parfum partout que je n'en peux plus... Je trouve que tout le monde le porte et qu'il n'a plus rien d'original.,5,fr,Angel,Sephora,I felt so much this fragrance everywhere I can not stand ... I think everybody's door and he has nothing original.
Parfum très sucré et chocolaté. Vite entêtant et très facile à reconnaître.,5,fr,Angel,Sephora,Perfume very sweet and chocolatey. Quickly heady and very easy to recognize.
"Glamour, sensuel, qui tient parfaitement, parfum obligatoire dans le sac d'une femme",5,fr,Angel,Sephora,"Glamorous, sensual, holding perfectly, perfume mandatory in the bag of a woman"
C'est un parfum audacieux alliant saveurs gourmandes et patchouli. Angel est un parfum envoutant pour les femmes mi anges mi démons. Moi depuis que j'ai découvert ce parfum il y à deux ans; désormais c'est jamais sans mon étoile Angel car j'aime ce parfum. Bravo Thierry Mugler,5,fr,Angel,Sephora,This is a bold fragrance that combines gourmet flavors and patchouli. Angel is a captivating fragrance for women half angel half demon. Me since I discovered this scent there for two years; now is never without my Angel star because I love this perfume. Congratulations Thierry Mugler
"Une odeur feminine, envoutante, pour les femmes qui ont du caractere et du gout.",5,fr,Angel,Sephora,"A feminine smell, bewitching, for women who have the character and taste."
superbe flacon en forme d etoile qui nous fait penser en meme temps a un objet futuriste!! son odeur est envoutante et sensuelle il vous colle a la peau et laisse dans votre sillage un parfum tellement fort que les gens se retourne sur votre passage!! un diamant pur!!!,5,fr,Angel,Sephora,great for star shaped bottle that makes us think at the same time has a futuristic object !! its smell is mesmerizing and sensual you glue the skin and leaves a scent in your wake so strong that people back in your way !! a pure diamond !!!
Un parfum qui tient toute la journée avec une note envoutante.,5,fr,Angel,Sephora,A fragrance that lasts all day with a haunting note.
"je porte Angel depuis le début, c'est le seul parfum qui correspond autant à ma peau, un vrai délice...",5,fr,Angel,Sephora,"I wear Angel from the beginning, this is the only perfume that is as much to my skin, a delight ..."
Ce parfum est génial avec sa petite touche de vanille chocolat.. Il vous envoutera et ne soyez pas surprise si il devient votre petit chouchou..!,5,fr,Angel,Sephora,This perfume is great with its touch of vanilla chocolate .. It will captivate you and do not be surprised if it becomes your little darling ..!
"Angel n'est pas qu'un parfum, c'est aussi un bijoux précieux. Chaque femme qui le porte est une femme ' Angel ', qui fait partie du cercle des anges bleus.",5,fr,Angel,Sephora,"Angel is not a perfume, it is also a precious jewelry. Every woman who wears a woman 'Angel', part of the circle of the Blue Angels."
il est tout simplement divin et le principe de la fontaine recharge super original et plus économique ce qui n'est pas rien!!,5,fr,Angel,Sephora,it is simply divine and the principle of charging fountain super original and economical which is not nothing !!
"Depuis sa création Angel est mon allié, partout dans mon service de Radiologie, je laisse derrière moi un sillage de parfum envoutant, on sait quand je travaille. Je n'en changerais pour rien au monde!!!",5,fr,Angel,Sephora,"Since its creation Angel is my ally throughout my Radiology Department, I leave behind a trail of scent bewitching, when I work is known. I would not trade in for anything !!!"
J'adore les produits Thierry Mugler et plus particulièrement Angel,5,fr,Angel,Sephora,I love Thierry Mugler products especially Angel
"j'adore ce parfum, je le porte depuis sa creation, je n'arrive pas a en changer c'est mon parfum fetiche",5,fr,Angel,Sephora,"I love this perfume, I wear it since its inception, I can not seem to change is my perfume fetish"
Une touche de ce parfum mythique et l'on vous reconnait entre 1000 !,5,fr,Angel,Sephora,A touch of this legendary fragrance and we recognize you from 1000!
ce parfum est tout simplement parfait et inimitable,5,fr,Angel,Sephora,this perfume is just perfect and inimitable
"JE L' ADORE, C EST QUE DU BONHEUR A PORTER CE PARFUM......",5,fr,Angel,Sephora,"I'M THE LOVE, IT'S A REAL BLAST TO WEAR THIS ...... FRAGRANCE"
"S'il ne devait en rester qu'un, ce serait celui-là! Angel est mon parfum depuis sa création, et il le restera. C'est un parfum sucré, envoûtant, sensuel, qui est devenu mythique! un flacon sublime en multiples déclinaison. On en devient complètement addict!",5,fr,Angel,Sephora,"If he were to be only one, this would be it! Angel is my perfume since its inception, and will remain so. It is a sweet fragrance, mesmerizing, sensual, which has become legendary! a sublime vial multiple declination. It becomes completely addicted!"
