ReviewText,Rating,Country,Product name,Source
il ne tiens plus avant il tenais trés bien donc pas satisfaite,5,fr,Angel,Sephora
"Quel dommage d avoir reformulé ce temple de la parfumerie !!! Il a perdu son caractère et son charme, je l ai eu adolescente, J ai 39 ans aujourd hui: mes 16 ans se sont envolés avec lui...",5,fr,Angel,Sephora
"Cela fait 19 ans que je possède Angel, c'est mon premier parfum. J'ai un flacon rechargeable. Il ne reste pas longtemps vide. Parfum envoûtant, sucré et l'odeur tient tte la journée.",5,fr,Angel,Sephora
J'adore angel un parfum inconique et moins a la mode ce qui m'a permis de le retrouver sans le sentir partout comme a une certaine période.il a une bonne tenue et sillage meme si je trouve qu'il n'est plus autant pronnoncé qu'à l'époque c'est le seul bemol.On ne devrait jamais retoucher des parfums aussi puissant et tenace car c'est cela qui fait qu'on les trouve geniaux a la base alors pourquoi les reformuler si ca ne convient pas a certaines personnes autant qu'elles se redirige sur un parfum moins coriace au lieu de revoir les formulations pour attirer une autre clientelle je trouve quand meme cela decevant car ce parfum d'origine etait encore mieux que maintenant. Le format du 75ml a ete revisité il est trop lourd et encombrant c'est pour ca que je prend le 50ml voir le 100ml,5,fr,Angel,Sephora
cette eau de parfum me convient parfaitement :cela fait de nombreuses années que je l'utilise avec toujours le même plaisir,5,fr,Angel,Sephora
"Parfum iconique, mais bouteille très bas de gamme. On voit toutes les jointures....",5,fr,Angel,Sephora
Je recommande ce joli parfum parfum de sac à main..... à emmener partout avec vous de plus le flacon vaporisateur est très élégant,5,fr,Angel,Sephora
Format idéal pour le voyage ! Il faudrait l'envisager pour les autres fragrances d'Angel,5,fr,Angel,Sephora
EXCELLENT tout simplement !! Ma fille toujours fidèle à ANGEL,5,fr,Angel,Sephora
"Un parfum qui me rappelle des souvenirs, la fragrance n'a pas changée, telle que je l'ai sentie la première fois, il y a quelques années....une image, une période de vie, un été, ..... C'est tellement appréciable d'avoir de nouveau ces mêmes senteurs, inchangées, SI les créateurs pouvaient lire ce message, je les féliciterai et les remercierai, vraiment.",5,fr,Angel,Sephora
J ai acheté ce parfum car j avais eu un échantillon qui celui là tenait toute la journée. Je suis un peu déçu qu' il soit éphémère.,5,fr,Angel,Sephora
"Pendant longtemps j'ai trouvé Angel trop fort, car il avait trop de patchouli pour moi. Mais il est devenu plus doux, et maintenant j'adore son odeur envoûtante qui rappelle un bol de chocolat chaud épicé... C'est un parfum qui ne ressemble à aucun autre ! On l'adore ou on le déteste. Sur certaines personnes il sent divinement bon, sur d'autres non. Et ça fait partie de son charme.",5,fr,Angel,Sephora
Très bien pour un sac à main car c est un petit format. Parfait comme cadeau,5,fr,Angel,Sephora
extrémement féminin fonctionnel pour le sac et le voyage on achète la recharge et le tour est joué top,5,fr,Angel,Sephora
"Ce flacon est absolument magnifique et les photos ne lui rendent pas justice ! Il est presque aussi long que la main, est rechargeable et de très bonne qualité. Vaut son prix.",5,fr,Angel,Sephora
Flacon ultra pratique ! Ergonomie impeccable. Bonne prise en main.,5,fr,Angel,Sephora
Format voyage très pratique. Idéal pour les valises ou même le sac à main.,5,fr,Angel,Sephora
Très joli flacon qui ne prend pas de place dans le sac à main.,5,fr,Angel,Sephora
"Fidèle depuis longtemps à ce parfum, sa fragrance sucrée a un goût d’enfance !",5,fr,Angel,Sephora
"J avais lu flacon petit.. MAIS NONNNN !, je suis trop contente de ce flacon pour mon sac à main . Magnifique ouiiiiiii et Angel hummm",5,fr,Angel,Sephora
Super parfum que je changerai pas Odeur agréable Flacon décoratif,5,fr,Angel,Sephora
"Belle surprise pour ce parfum qui laisse,tout au long de la journée d'agréables effluves",5,fr,Angel,Sephora
"Déçu de la taille du produit, je pensais un produit plus grand",5,fr,Angel,Sephora
"Produit excellent, permet de remplir différentes étoiles à la maison. Reçu très rapidement, bien emballé, joli carton déco à conserver. Merci et bravo Séphora",5,fr,Angel,Sephora
J'adore ce parfum et ai donc acheté le flacon source que je trouve bien pratique pour recharger mon vaporisateur ressourçable... et plus économique.,5,fr,Angel,Sephora
inconditionnelle de cette senteur ! c'est un parfum atemporel auquel je suis fidèle...,5,fr,Angel,Sephora
Facile pour se parfumer à tout moment . Moins coûteux à l achat .,5,fr,Angel,Sephora
cette eau de toilette est sublime - elle ne va pas à tout le monde mais elle laisse derrière elle une odeur subtile raffinée que tout le monde adore,5,fr,Angel,Sephora
Taille parfaite pour mettre dans le sac à main et ressourçable,5,fr,Angel,Sephora
"Comme tous les parfums, hélas, il est de plus en plus cher et de plus en plus dilué. La tenue sur tissus reste correcte, sans plus, alors que sur peau elle est devenue médiocre. A sa sortie et jusqu'au début des années 2010, Angel était un parfum nucléaire, sans compromis, envahissant. Il suscitait de vives réactions et c'est pour ça que je le portais.",5,fr,Angel,Sephora
"Ai commandé il y a quelques semaines l'eau de parfum de Thierry Mugler Angel. Je l'avais portée il y a quelques années. C'était un parfum avec beaucoup de ""caractère"", une excellente tenue pour un minimum de vaporisations. Il m'arrivait fréquemment d'être accostée par hommes ou femmes pour me demander le nom de mon parfum. Aujourd'hui je ne retrouve ABSOLUMENT rien de ce produit : c'est de l'eau bleue certes, mais une très légère odeur qui n'a pas grand chose à voir avec l'""Angel"" que je connaissais et qui ne tient ni sur la peau, ni sur les cheveux, ni sur les vêtements puisque j'ai tout essayé..... Arnaque !!!???....",5,fr,Angel,Sephora
trés fonctionnel pour le sac super article est en plus c'est mon parfum depuis des années,5,fr,Angel,Sephora
"Cadeau offert à une ""accro"" à ce parfum, donc toujours aussi contente de le recevoir.",5,fr,Angel,Sephora
"Je connaissais parfaitement le parfum Angel que j'utilise très régulièrement. Je suis très déçus par l'enseigne Séphora pas un échantillon, pas un mot de remerciement de commande, bref débrouille toi. Je ne passerais plus commande par l'intermédiaire d'internet dommage...",5,fr,Angel,Sephora
"Toujours satisfait, pas de surprise. Peut-être un reproche pour le rédacteur / rédactrice de la carte qui ne respect pas ce qu'on écrit...",5,fr,Angel,Sephora
"Thierry Mugler est, en effet une marque créant des parfum avec, généralement des odeurs quelque peu originales. C'est cela que j'adore ! Je trouve que cette senteur a des légers ""tons fumés"". De plus, lorsque je porte ce parfum, j'ai l'impression d'être un peu ""originale"" , l'odeur est très singulière et facilement reconnaissable.",5,fr,Angel,Sephora
"J'ai récemment découvert Angel grâce à une amie, alors que j'étais une fidèle d'un autre parfum depuis plus de 20 ans et c'est un véritable enchantement !",5,fr,Angel,Sephora
"Les parfums de thierry mugler. On aime ou on déteste. C'est assez particulier, j'ai essayé le parfum angel de thierry mugler dont on m'a maintes fois parlé. Pour faire court, je n'ai pas du tout aimé. L'odeur du parfum m'indispose.",5,fr,Angel,Sephora
Angel est différent..je le portais depuis 7ans! La fragrance n’est plus la même et ne tient plus.. Je suis à la recherche d’un parfum similaire..,5,fr,Angel,Sephora
"mon angel je le porte depuis plus de vingt ans c est mon odeur le l adooore!!! ne m en lasse jamais j en ai,besoin pour me sentir bien je ne le compare avec aucun autre merci mugler!!! c devenu ma drogue!!!!!",5,fr,Angel,Sephora
"produits conformes à ma commande , bien emballés. regrette peut être l'ajout d'échantillons",5,fr,Angel,Sephora
"Cadeau de noel que l'on m'a offert, magnifique, sent trop bon et tiens extrêmement bien sur la peau et aussi sur les vêtements. Le meilleur !!!!!",5,fr,Angel,Sephora
"Mon parfum depuis presque 20 ans, j'ai juste l'impression que le parfum du 100ml tient moins longtemps que l eau de parfum 25ml. Je n'en changerai pour rien au monde.",5,fr,Angel,Sephora
le parfum bien mais le vissage du bonchon est léger court donc évaporation rapide,5,fr,Angel,Sephora
superbe flacon et plus pratique que l ancien je le recommande,5,fr,Angel,Sephora
Mon parfum depuis sa création et je l'apprécie toujours.,5,fr,Angel,Sephora
"Je porte angel depuis des années , et depuis 2 ans je trouve vraiment different ne tiens plus ainsi que le lait de corps . Je trouve vraiment ca dommage vraiment déçu !! Je ne comprent pas pourquoi les vendeuses disent que rien de changer dans la formule . Et sur les vêtement même chose ne sent plus aussi longtemps .",5,fr,Angel,Sephora
Besoin de recharger mon étoile. Livrée rapidement !,5,fr,Angel,Sephora
Un cadeau que j'ai offert à une amie qui est son parfum préféré et qui lui va à ravir. Très satisfaite en plus du mot donc je suis très contente.,5,fr,Angel,Sephora
Mon parfum depuis des années ! Je ne m'en lasserais jamais je pense !,5,fr,Angel,Sephora
"Angel est pour moi un ange, mais très intense. La première fois que je l'ai porté, j'ai détesté, je me suis douché tout de suite parés l'avoir porté deux fois, j'ai adoré !!! La tenue de ce parfum est démente, il tient même après une douche ! ! ! Après avoir étudié ce parfum en cour, je peux vous dire qu'il se compose à 30 % de patchouli pur ! Donc il faut aimer les odeurs intenses et très prenantes ! Pendant ma période dans des parfumeries, les clientes qui connaissent Angel depuis les années 1992 mon dit que ce n'était plus du tout le même qui était noyé dans de l'alcool ! Qu'il ne tenait plus qu'il avait perdu sont ADN Mugler....... Très beau univers avec Angel qui réinvente souvent sont univers autour de la publicité en changeant souvent d'égérie, mais en gardant l'univers céleste bleu et noir. Sublime flacon, mais. Le seul problème que je constate chez Mugler et certaine marque et que le parfum a pris plus d'une dizaine d'euros en mois de 3 ans....... Dommage, car des personnes ne pourront plus se le payer.!.",5,fr,Angel,Sephora
"Déception,Angel n'est plus Angel! Il est sans saveur et ne tient plus!",5,fr,Angel,Sephora
"Mon parfum préféré depuis de nombreuses années. Je ne me lasse pas de son odeur sucrée. Il varie beaucoup d'une peau à l'autre. Il arrive souvent dans la rue que l'on me demande le nom de mon parfum. Plus qu'une flagrance, un must have !",5,fr,Angel,Sephora
"Livraison avec juste 1 échantillon sur les 4 normalement offerts ... C est pas grand chose , mais bon ....",5,fr,Angel,Sephora
Je l'ai découvert à sa sortie dans les années 90 et je le porte régulièrement. Mais de moins en moins car il est beaucoup trop porté et j'aime l'originalité. Néanmoins aucun autre n'a jamais égalé son odeur absolument extraordinaire. De plus il tient longtemps. Un délice.,5,fr,Angel,Sephora
je le porte depuis plus de 25ans.. je ne m'en lasse pas,5,fr,Angel,Sephora
"Un must ! A avoir ! Mon coup de coeur. Tellement envoûtant , ennivran . Pour une femme de caractère. Une odeur qui reste sur la peau toute la journée.",5,fr,Angel,Sephora
"Parfum toujours aussi sensuel, envoûtant, laissant un sillon de parfum très attirant ! Néanmoins, parfum onéreux, heureusement il existe un flacon source ... Attention, suivant les peaux, il peut être très désagréable.",5,fr,Angel,Sephora
"j'adore ce parfum, il tient bien et sa fragrance est excellente!",5,fr,Angel,Sephora
"Ma mère le porte depuis des années et lui va terriblement bien... Par contre, sur moi, il sent trop fort et l'odeur vire de façon désagréable. Point positif, c'est bien que le flacon soit rechargeable, d'autres marques devraient faire de même...",5,fr,Angel,Sephora
"j'ai reçu pour noel, par mon chéri , angel , mon parfum adoré, que cette odeur m'a manqué, mais malgré cela je ne me lasse pas de sentir le flacon,j'adore tjrs autant, quel parfum envoutant.",5,fr,Angel,Sephora
"Il m'a été offert par mon copain et j'adore! Je le met le soir quand je sort et à chaque fois on me dit ""ah tu portes Angel"" et oui, un grand classique! Ma bouteille est bientôt vide et j'irais la ressourcer sans hésitation!",5,fr,Angel,Sephora
"C est mon parfum d hiver depuis sa création , et je L adore toujours autant . Tres envoutant , ce parfum possède une vraie identité olfactive. Pour celles qui aiment tout de meme les senteurs chaudes , sucres ...la vanille , le chocolat ...ce n est pas un parfum discret , mais il reste élégant .",5,fr,Angel,Sephora
J'ai l'étoile ressourçable depuis plusieurs années alors c'est un parfum que j'ai toujours sous la main C'est un parfum discret mais que tout le monde connait et qui ne se démode pas. Moi j'adore,5,fr,Angel,Sephora
très bon produit très longue tenu flacon source de qualité,5,fr,Angel,Sephora
"un avant gout du paradis, envoûtante pour les femmes et ne reste jamais insensible a l'odeur",5,fr,Angel,Sephora
ce parfum est super et sens tres bon mais reste encore assez chere pour l avoir au quotidien,5,fr,Angel,Sephora
"Angel fait partie de mes parfums préférés. Il répond à mes attentes : il tient longtemps dans la journée, pas besoin de retouches.",5,fr,Angel,Sephora
"Angel est et restera mon parfum favori, il tient toute la journée et son odeur est reconnaissable, de plus le flacon en etoile est sublime",5,fr,Angel,Sephora
Livraison très rapide malgrès l'approche des fetes de Noel. Petit bémol tout de meme concernant les échantillons gratuits: 2 sur 3 ne sont pas ceux que j'avais choisis,5,fr,Angel,Sephora
"Très bien et très facile,. Quand on ne peut pas prendre le flacon original ou que l’on n’a pas de sephora prêt de chez soi cette solution est très bien, en plus la recharge arrive dans une jolie bouteille . Je recommande",5,fr,Angel,Sephora
"Bonjour, Je l'ai offert à ma femme qui l'adore aussi . Ce parfum est envoutant et sensuel.",5,fr,Angel,Sephora
"Bonjours, Pour ma part, bonne achat pour ma première fois . Bien emballé.",5,fr,Angel,Sephora
"le must du parfum, celui qui traverse les années et qui m'accompagne ! je ne m'en lasse pas.",5,fr,Angel,Sephora
Parfum original et sensuel d'une senteur vraiment unique. Je ne l'aime pas je l'adore! Une très bonne tenue sur la peau ou les vêtements toute la journée.,5,fr,Angel,Sephora
On me l'a offert il y à plus de 10 ans maintenant et même si j'essaie d'autres parfums c'est toujours celui-ci qui revient en tête de liste. Il a une odeur reconnaissable entre tous et je le sens toute la journée. Il me convient parfaitement.,5,fr,Angel,Sephora
"J'ai acheté mon 1er Angel étoile rechargeable avec son trépied en 1994. Il y a 2 ans environ j'ai trouve qu'il avait terriblement changé. Ainsi que toute la gamme de creme céleste, lait céleste . Mon mari me l'avait choisi, comme j'ai protesté muggler m'en a renvoyé un flacon, mais pareil !!! Il sent trop l'alcool, et non plus cette fragrance incomparable qui a fait de lui le numéro UN durant des années. Étrange,mais changement radical d'odeur après une fusion avec une marque de soins visage et corps. Alors quand je lis que certaines le portent depuis 20 ans et qu'il n'a pas changé, je pense que l'on ne parle pas du même Angel en eau de parfum. Mon odorat doit être trop sensible, et pourtant j'essaie d'en mettre de temps en temps. Mais rien a faire ! C'est comme Poison de Dior, pareil pareil !!!!!!",5,fr,Angel,Sephora
"ce parfum est magnifique, après il faut aimer l'odeur assez forte et reconnaissable entre toutes ,au moins il tiens, pas besoin d'en remettre dans la journée.",5,fr,Angel,Sephora
"Angel est vraiment une très bonne marques de parfum, car il sent très bon, le parfum reste toute la journée. Le petit plus de ce parfum c'est qu'il est rechargeable et sa c'est vraiment super !",5,fr,Angel,Sephora
"""LE "" parfum, pour celle qui aime le patchouli. C'est un des rares parfum qui tient sur moi. Il est reconnaissable entre tous Le ressourçable est pratique Dommage, le flacon ne tient pas debout.",5,fr,Angel,Sephora
"parfum que j'utilise depuis sa création.Il est envoutant, sensuel, enivrant .je l'adore",5,fr,Angel,Sephora
"Je mets ce parfum régulièrement depuis plus de 10 ans et j'en suis toujours fan.... Il tient toute la journée et son odeur me donne envie de chocolat! Un classique des parfums gourmands, envoutants. Pour ne rien gâcher, le flacon est magnifique.",5,fr,Angel,Sephora
Ce parfum ne me correspond pas du tout. Je l'ai refilé a ma mère...,5,fr,Angel,Sephora
"je ne peux m en passer, j adore toujours autant !!!! ces notes sucrées ne me lasseront jamais ! je le connais depuis plus de 10 ans et c est mon parfum préférée et aussi celui de mon chéri ;) merci Thierry Mugler !",5,fr,Angel,Sephora
"Cela fait des années que j'utilise Angel, je ne pourrais pas en changer. Dommage que je sois sans cesse obligée d'en rajouter, car à force, je ne le sens plus !",5,fr,Angel,Sephora
ce parfum que j ai acheté récemment est pour ma fille je trouve qu il relève bien sa personnalité ; forte de plus il tient toute la journée sans être entêtant,5,fr,Angel,Sephora
"fidèle, je ne peux me passer de lui . De plus, on me parle de lui.... toujours en bien , les hommes , les femmes, vraiment je l'aime...",5,fr,Angel,Sephora
"je trouve que ce parfum sent très bon , il est sublime . je l ' adore je vous le conseil .je suis très satisfaite du services , livraison rapide !! mon mari et mes enfants l 'aime aussi .",5,fr,Angel,Sephora
ODEUR SINGULIERE ET AUDACIEUSE DESTINEE A DES FEMMES DE CARACTERE,5,fr,Angel,Sephora
"Fidèle depuis des années à ANGEL, je ne m'en lasse pas. Il tient toute la journée. Dès que mon étoile est vide, je vais vite la faire remplir. Je ne suis jamais prise au dépourvu car j'ai aussi le lait pour le corps, juste au cas où ...",5,fr,Angel,Sephora
"j'aime beaucoup ce parfum et l'achète depuis quelques mois, et là je l'ai trouvé trop vanillé par rapport à d'habitude, il ne laisse pas cette empreinte qui me fait vibrer. je suppose qu'il faisait parti d'un mauvais lot",5,fr,Angel,Sephora
J''adore son odeur je ne m'en lasse pas depuis presque 20ans ....Parfum de qualité,5,fr,Angel,Sephora
EXCELLENT PRODUIT - PREFERE A L'EAU DE TOILETTE DE LA MEME MARQUE,5,fr,Angel,Sephora
"je suis fidèle à ce parfum depuis plus de 10 ans j'adore son odeur, ses notes poudrées",5,fr,Angel,Sephora
très bon parfum odeur agréable et tiens toute la journée. je l'adore ..............,5,fr,Angel,Sephora
"Parfum qui dure longtemps, d'ailleurs le seul sur plusieurs autre testés notament, lolita lempika, aqua di gioa, ...",5,fr,Angel,Sephora
en effet ce produit est trés remarquable . c'est exactement ce que je désirais,5,fr,Angel,Sephora
"Le flacon était vraiment magnifique , je me suis donc empressé de le sentir , malheureusement ça été la déception , l'odeur ne me plaisait pas du tout . Vraiment déçu qu'un aussi beau flacon renferme une odeur que je ne supporte pas ...",5,fr,Angel,Sephora
Très bon parfum pour la journée qui sent la fraîcheur et les fleurs,5,fr,Angel,Sephora
Ce parfum je l'adore il a une odeur envoutante je le met depuis 9 ans et je suis tjr aussi dingue de cette odeur !!,5,fr,Angel,Sephora
j'adore depuis 20 ans je n'ai jamais changé de parfum.,5,fr,Angel,Sephora
tres bon avis presentation originale parfum agreable,5,fr,Angel,Sephora
J'adore depuis 20 ans maintenant.........je ne peux plus m'en passer <3,5,fr,Angel,Sephora
Depuis que je l'ai essayé je ne m'en passe plus... Pour celles qu'ils ne l'ont pas essayé à tenter absolument.,5,fr,Angel,Sephora
"testé en échantillon. Un parfum qui ne me laisse pas indifférente, il laisse un sillage sucré assez sensuel et plaisant. On se sent femme, mais il est un peu étouffant à mon goût pour une utilisation quotidienne, peut-être à cause du patchouli que je n'apprécie pas. Je le porterais sûrement plus facilement le soir. A tester sur sa peau pour se fair une idée !",5,fr,Angel,Sephora
mon parfum depuis des années j'adore et j'en changerais pour rien au monde,5,fr,Angel,Sephora
j adore s est un parfum qui tiens bien sur la peau et longtemp,5,fr,Angel,Sephora
"J'ai trouvé le packaging très joli et j'étais pressé de sentir son odeur vu les avis très positifs sur ce parfum. J'ai été vraiment déçu, l'odeur de ce parfum est juste insoutenable pour moi et je l'ai trouvé assez entêtant... Bref ne me correspondait pas du tout au final.",5,fr,Angel,Sephora
J'ai été deçu par le parfum il sent fort j'aime pas du tout en plus de ça il coute cher j'aime bien le flacon mais le reste non,5,fr,Angel,Sephora
Totallement accroc. Sans conteste l'un des mes deux parfums préféré.,5,fr,Angel,Sephora
"Après le Lolita Lempicka je cherchais un nouveau parfum ""de caractère"". J'ai essayé Angel et ai trouvé que son odeur était différente sur moi, pas aussi entêtante.Pour info les filles, si vous achetez le ressourçable, faire remplir votre flacon dans un sephora coûte bien bien moins cher que d'acheter une ressource ! J'ai gagné +30€ pour mon 25ml !! et oui on paye le packaging !",5,fr,Angel,Sephora
"Magnifique flacon, mais un peu trop coûteux. Je n'ai pas encore trouvé mon idéal de parfum.",5,fr,Angel,Sephora
"Certes très sinon trop porté, assez sec et sombre sur moi, je replonge après une interruption dans son univers. Me suis même offert l'Etoile Collection pour la maison alors que j'ai la Vertigineuse au bureau et une mini dans mon sac ... impossible de faire sans lui, parfois associé, pour ""signer"" de façon théâtrale, à Aromatics Elixir, il est fabuleux. Et l'une de rares gammes de dérivés pour le corps qui en vaille vraiment la peine. A l'heure des reformulations, des restrictions, de la crise et de la morosité, il est d'autant plus d'actualité.",5,fr,Angel,Sephora
"Mon parfum chéri depuis 15 ans...Je reviens toujours à lui, il me réconforte. Quand on a goûté à son odeur enveloppante comme une caresse, on ne peut plus s'en passer. A la fois sensuel et gourmand, on passe de femme fatale à petite fille gourmande",5,fr,Angel,Sephora
"A 20 ans, je l'aimais bien car il me correspondait. A bientôt 40, je l'ai eu en cadeau et il est resté longtemps dans mon placard car son odeur m'écœure... Même si le flacon est superbe. J'ai fini par le donner à une amie au grand dam de ma tante qui m'a dit qu'il s'agissait du ressourçable, oups!!!",5,fr,Angel,Sephora
"Il y a quelques années j'avais senti ce parfum qui m'avait beaucoup plus, là je l'ai reçu en échantillon et je n'ai pas trop aimé l'odeur, je l'ai fait essayé sur plusieurs personne et j'ai l'impression qu'ils sent la transpiration lol je sais pas pourquoi mais c'est ce que je trouve. c'est domage parce que il a l'air d'être sucré. enfin peut etre l'eau de parfum est trop forte pour moi",5,fr,Angel,Sephora
"Angel est un parfum qui coûte assez cher, malgré cela je l'avais acheter et mis quelques temps, et bien j'ai tenu que 2 semaines, son odeur me mettais mal de tête de plus que mon entourage me fessait la remarque ah tu a mis angel ça sent fort ! M'ouii j'avoue ça sent fort mais c'est lourd à porter, j'ai été déçu de l'avoir acheter encore un parfum mis dans le placard",5,fr,Angel,Sephora
"Je ne vais pas me faire que des copines, mais personnellement je trouve tout vulgaire dans ce parfum : son odeur envahissante de fête foraine, son flacon tape-à-l'oeil, même leurs pubs sont vulgaires. Pour moi ce parfum, c'est l'antithèse de la ""classe"".",5,fr,Angel,Sephora
"un parfum enivrant , le flacon est magnifique , je le recommande à tout les femmes !",5,fr,Angel,Sephora
"angel a une odeur inoubliable, c'est un melange de sensualité et de gourmandise! il est envoutant, et on se retourne toujours sur une femme qui porte angel que l'on soit homme ou femme nous voulons voir qui porte ce parfum!! c'est impressionnant! je porte ce pafum depuis 11ans et je travaille dans le commerce tout mes collegues H/F sont intrigués par son odeur et mes clientes qui le portent ne laissent pas leur passage indifferent. essayez -le!!!",5,fr,Angel,Sephora
j'avais acheter le parfum pour la bouteille très jolie mais j'ai était déçu je trouve se parfum écoeurent j'aime pas du tout son odeur,5,fr,Angel,Sephora
"Angel a la particularite d'etre un parfum qui varie enormement selon la peau . C'est pour cela que je conseillerais de l'essayer ou de se procurer un echantillon . Sur quelques personnes il est divin , et sur d'autre , l'odeur prend une autre tournoure . Quand a moi , on me dit qu'il me va tres bien . J'aime beaucoup ses notes sucres et chaudes . C'est pour moi un parfum singulier et unique . Je trouve que le flacon est aussi un des plus beaux .",5,fr,Angel,Sephora
"Des que je sens cette odeur, je pense à ma maman qui adore ce parfum. C'est vrai que l'odeur est forte, mais c'est ce que j'aime dans ce parfum, quand je le mets, je sais qu'il va tenir toute la journée sur ma peau pas comme d'autres parfums comme Candy de Prada ainsi que Nina Elixir de Nina Ricci qui ne tienne pas du tout sur ma peau. Enfin bref pour moi c'est un must have",5,fr,Angel,Sephora
"J'ai eu beau essayer, ce parfum n'est pas pour moi. On m'a offert un flacon que l'on peut remplir à nouveau quand il est vide, mais je ne compte pas utiliser cette possibilité. J'ai beaucoup de mal avec l'odeur forte, qui persiste trop longtemps sur la peau et les vêtements. Je pense que l'absence de notes fleuries est pour beaucoup dans ma difficulté à aimer ce parfum. Pourtant, le flacon en étoile est sublime et me tentait beaucoup.",5,fr,Angel,Sephora
"A-t-on le droit de dire ici que l'on n'aime pas Angel ? Si vous trouvez que sentir la barbe à papa, ce n'est pas glamour; et si vous ne supportez pas de faire un pas dans la rue sans sentir votre odeur décuplée à l'infini, dans le métro, le bus, au travail, au restaurant, au cinéma, dans les salles de spectacles au point de penser que vous êtes clonée, alors fuyez.... La seule chose positive dans ce parfum c'est sa bouteille et cette magnifique couleur bleue insolite pour un jus (je me plains suffisamment de la couleur standard rose pâlote des parfums actuels...)",5,fr,Angel,Sephora
"il sent trés bon et dur longtemps, prix un peu haut quand même !!!",5,fr,Angel,Sephora
"Un parfum qui a beaucoup de caractère!! Il a une odeur très prononcée, et tient parfaitement!!! Malgré une originalité à sa sortie, il est devenu plutôt commun car très connu et répendu... ce qui est dommage! mais pour ma part il reste quand même un nectar appréciable et agréable à porter les longues journées d'hiver!!!",5,fr,Angel,Sephora
"Meme si ca peut vous paraitre bizarre angel aujourd'hui sent en effet frais et leger. Quand j'avais 12 ans il sentait plus ""profond"" et plus chocolaté sucré. Il es devenu moins entetant. Jadore le porter de temps a autre car il me rappelle mon enfance et adolescence. Le parfum aujourd'hui ressemble un peu a wish a de chopard. Ou est-ce que les facultés olfactives changent vraiment avec l'age? Le parfum sent peut etre toujours pareil c'est moi qui ai pris de l'age. Personnellement jaime bien ce parfum",5,fr,Angel,Sephora
super parfum donne une note sucré il tiens bien sur toute une journée,5,fr,Angel,Sephora
Un parfum qui tient toute la journée; envoûtant et sensuel ! Les amateurs de vanille seront séduits (les autres risquent de ne pas apprécier),5,fr,Angel,Sephora
"c'est un parfum extraordinaire, pour l'hiver il est génial!!! je le conseil meme s'il ne va pas à tous le monde. c'est un parfum de caractère!!! lol",5,fr,Angel,Sephora
"angel est un magnifique parfum,presque parfait ,mais tellement porté,bcp trop porté!!pour le coup,manque d originalité et devenu presque vulgaire!!quel dommage!j aurai voulu l avoir rien que pour moi,mais je ne le porte pas.j ai 3 voisines qui le porte déja!!",5,fr,Angel,Sephora
"le meilleur parfu de tous les temps je le porte souvent l'hiver, et pour moi le fait que ce soit un flacon ressourçable est vraiment economique ! c'est une merveille gourmande et associé à la crème pour le corps c'est une alliance parfaite de plus le flacon est magnifique",5,fr,Angel,Sephora
"Voilà le genre de parfum que tout le monde aime , sauf moi ! A sa sortie en 1992 il était sans doute très original, mais depuis trop de maisons se sont engouffrées dans la tendance ""gourmand-ultra sucré"" . Allant toujours dans la surenchère . J'ai d'ailleurs du mal à comprendre que tant de gens ici l'aient qualifié de ""Frais et Léger"" Autre problème tout le monde le porte, on le sens sans arrêt, dans la rue , dans le métro , au cinéma , dans les files d'attentes , dans les toilettes pour dames ... Partout !!! Si vous êtes une inconditionnelle , chacun ses gouts, mais si vous voulez être originale, essayez autre chose!",5,fr,Angel,Sephora
"C'est ""mon parfum"" par excellence!! je le mets depuis de nombreuses années et je ne m'en lasse pas!! L'étoile est magnifique! Il ni à rien a ajouter...",5,fr,Angel,Sephora
"super pratique, odeur magnifique.... envoûtante ....",5,fr,Angel,Sephora
"Rien à dire si ce n'est le meilleur des parfums !!!! Tout est dans ce flacon, l'alliance de différentes odeurs donne un résultat fraîs et en même temps prononcé. Je le conseille à toutes !!!!",5,fr,Angel,Sephora
"J'adore ce parfum, on ne peux pas le confondre car il est unique. Je ne m'en lasse pas.",5,fr,Angel,Sephora
Je porte Angel depuis des années et je ne peux plus m'en séparer ce parfum fait partie de ma vie.,5,fr,Angel,Sephora
Cela fait un lapse de temps que je l'utilise et jamais je m'en lasse,5,fr,Angel,Sephora
"L'engouement pour "" Angel "" reste pour moi un mystère. Je trouve ce parfum vulgaire et désagréable. Définitivement non !",5,fr,Angel,Sephora
"l unique du parfum !! je l utilise depuis des années et franchement il est incontournable, on revient toujours à lui, sans commentaire!!",5,fr,Angel,Sephora
"Malgré son age il ne se démode pas, une odeur envoûtante qui tient à la peau.",5,fr,Angel,Sephora
"ce parfum est plutot fort et vous suit toute journee et envoute ceux qui vous approche,il est parfait pour seduire",5,fr,Angel,Sephora
"on le reconnait tout de suite! j'adore ce parfum, je ne m'en lasse pas! de plus, le flacon est superbe! attention quand même à ne pas trop forcer sur la dose, un pshitt suffit!",5,fr,Angel,Sephora
c'est un parfum qui est sublime qui tien et dure longtemps pas besoin d'en mettre 2 fois par jour ilest envoutant,5,fr,Angel,Sephora
Une odeur très agréable à porter et qui séduit beaucoup mon compagnon,5,fr,Angel,Sephora
c'est l'un des seuls que j'aime de chez thierry mugler avec depuis peu le parfum innocent,5,fr,Angel,Sephora
Je trouve que ce produit a pris un sérieux coup de vieux aussi bien pour son jus que pour son esthétique,5,fr,Angel,Sephora
"Un parfum très gourmand, il faut aimer le patchouli... un peu entêtant quand même... Il tient très longtemps, à doser avec modération car ça passe ou ça casse ! C'était mon parfum entre 18 et 25 ans... je m'en suis lassée. Et puis il est vraiment trop porté (pas autant que le Lolita Lempcika mais quand même) et c'est peut-être aussi pour ça qu'on s'en lasse...",5,fr,Angel,Sephora
c'est mon parfum je les comander en 500ml je l'adore LOVE,5,fr,Angel,Sephora
"Je le porte depuis plus de 10 ans chaque hiver, (il est trop fort pour l'ete pour moi) et je ne m'en lasse pas!! Aucun parfum n'est a sa hauteur, on le sent toujours sur les vetements, c'est agréable! Seul parfum qui reste sur moi meme au bout de 10heures!",5,fr,Angel,Sephora
"je le porte depuis 1992, année de sa sortie! on peut dire que je lui suis très fidèle... je n'arrive pas a en changer tellement il me ""colle a la peau""! c'est mon essence, mes tripes, bref c'est ANGEL et aucun autre... tous les produits dérivés( douche, crème pour les mains sublime!, etc...) sont exceptionnels, dans le sens ou on a LA senteur dans toutes ces différentes textures... c'est un pur bonheur!",5,fr,Angel,Sephora
"je ne peux plus me passer d'Angel. J'essaie parfois d'autres parfums, mais ils ne me conviennent pas.",5,fr,Angel,Sephora
"J'ai ce parfum depuis des années. Je ne peux m'en séparer. Il reste LE parfum. Envoutant, sensuel, on ne l'oublie pas. Il est tenace. Même lavés, les fringues sentent toujours angel !",5,fr,Angel,Sephora
Il tient toute la journée...parfum hyper féminin...j'adore!,5,fr,Angel,Sephora
"il est mon parfum depuis plus de 10 ANS, et malgré des essais d'autres essences il reste mon préféré!",5,fr,Angel,Sephora
il faut absolument l'avoir! il est tellement hors du commun qu'il ne laisse pas indifférent! bref je ne m'en passe plus!! je l'ADOOOOOORRRREEEE.....dommage que nous soyons aussi nombreuses à le porter...,5,fr,Angel,Sephora
"Angel, c'est un parfum qu'on aime ou qu'on déteste. Personnellement, je l'ai depuis presque 10 ans maintenant, je ne le mets pas tous les jours (car sinon on s'en lasse) mais de temps en temps, ce parfum au caractère bien présent est un bonheur ! A utiliser avec parcimonie, il devient bien vite une caractéristique de la personne. Sensuel, chaud, c'est selon moi plus un parfum d'hiver ou de soirée, et qui envoûte facilement sur son passage. Par contre, il vire très facilement sur certaines personnes et devient alors irrespirable. A tester donc avant d'acheter!",5,fr,Angel,Sephora
ANGEL EST MON PARFUM PREFERE DEPUIS SA CREATION ILEST PARFAITEMENT ADAPTE A MA PEAU ILEST FAIT POUR MOI POURTANT J/AI ESSAYE LES NOUVEAUTES ANS SUCCES,5,fr,Angel,Sephora
"Une odeur superbe, ainsi qu'un flacon trop joli! =) Angel de Thierry Mugler est pour moi ""LE"" parfum!",5,fr,Angel,Sephora
depuis plusieurs annees je porte votre parfum qui me va tres bien j ai souvent des compliment de personnes que je croise dans la rue et me demande ce que je porte et maintenant je commence a porter alien qui me va tres bien aussi grand merci d avoir creer un aussi jolie parfum,5,fr,Angel,Sephora
"C'est très spécial, mais pas dans le bon sens... Je comprend qu'on puisse aimer mais personnellement ce parfum m'écoeure plus qu'autre chose.",5,fr,Angel,Sephora
"j'ai commencé par le parfum en lait pour le corps et le parfum en gel pour la douche. Puis, j'ai testé le parfum en brume pour les cheveux ainsi que le parfum en gelée précieuse. Maintenant, j'ai la totale, crème pour le corps, pour les mains, déo en roll-on et en spray ainsi, bien sur que la flacon ressourçable... un vrai plaisir, une vrai drogue, je ne peux + me passer de ces produits.",5,fr,Angel,Sephora
"J'ai porté ce parfum quelques temps, l'odeur est très agréable mais définitivement trop forte pour moi... c'est une odeur presque masculine, ce n'est pas désagréable mais dès le matin c'est presque écoeurant! pas pour moi donc :)",5,fr,Angel,Sephora
J'ai du mal à trouver un parfum qui tient sur ma peau. Angel se fait de plus en plus sucré au fil de la journée ne vire pas : Soit on l'adore ou soit le trouve entêtant c'est une question de peau ! . Avant de me décider à acheter l'étoile ressourçable 50 ml j'ai essayé 2 échantillons et je l'ai adopté ! Bonne tenue. Parfum très cher pour les ressourçables mais un investissement qui en vaut la peine un geste économique et écologique. Avec l'eau de Parfum on en met moins qu'avec l'eau de toilette et puis avec l'avantage de 10 % de réduction c'est appréciable !.,5,fr,Angel,Sephora
"Un créateur digne de ce nom. Il nous offre ici, un parfum différent de ceux présents sur le marché! Une odeur qui se fait de plus en plus sucré et poudré au fil de la journée, un flacon en forme d'étoile jamais vu nul part qui fait rêver. Un achat qu'on ne regrette pas.",5,fr,Angel,Sephora
J'adore ce parfum depuis plusieurs années et je le recommanderai sans ésiter à une amie,5,fr,Angel,Sephora
"On le reconnaît tout de suite, il est différent des autres, n'essaye pas de copier tel ou tel fragrance, j'étais littéralement envoûtée, et, au fil de la journée l'odeur s'est transformée en une senteur sucrée et franche que j'aime tout particulièrement!",5,fr,Angel,Sephora
L'eau de parfum est sublime j'adore son parfum unique que l'on ne retrouve nulle pert et surtout dans aucun parfum il est inimitable,5,fr,Angel,Sephora
"Très bonne tenue pour ce parfum sexy et glamour! Pour l'été, il serait souhaitable d'avoir une version plus light...",5,fr,Angel,Sephora
"Ce parfum, soit on l'adore, soit on le déteste. 2ème option pour moi: lourd, entêtant, poivré, pas discret... Je comprend qu'il y ai des adeptes, mais tout est une histoire de personnalité!",5,fr,Angel,Sephora
"Le seul parfum dont je ne lasse pas. Par contre, je ne le porte jamais l'été.",5,fr,Angel,Sephora
"j'ai adoré mais je trouve que depuis un an il est de moins en moins odorant, il faut en mettre beaucoup pour sentir quelque chose, très cher maintenant, je vais choisir autre chose",5,fr,Angel,Sephora
"Je le porte depuis sa création.... et je ne peux pas le changer ... C'est un parfum ennivrant et qui ne laisse pas l'entourage indiférent !!! Il est vraiment particulier et depuis 15 ans, il fait partie de moi .. je l'ADORE !!!!",5,fr,Angel,Sephora
"rien a dire par contre je pense qu'il est idéal en hiver , mon ami adore cette note sensuelle",5,fr,Angel,Sephora
je suis amoureuse d'angele et cela depuis des année je ne peux pas m'en passée c'est un parfum unique,5,fr,Angel,Sephora
"je l'ai depuis qu'il existe...je n'en veux pas d'autre,il me va à ravir,on ne cesse de me le répéter. je m'en passe uniquement lorsqu'il fait très chaud.",5,fr,Angel,Sephora
"Je l'utilise depuis sa mise sur le marché surtout dans la periode de Noel,car il a les senteurs chaudes et gourmandes de cette periode de fetes.Il est tres sensuel,le flacon sublime et sa couleur une merveille.Bref j'adore son univers magique.Le spot publicitaire superbe aussi.",5,fr,Angel,Sephora
super tres bon odeur ma fille adore je le recommende a offrir pour toute ocassions,5,fr,Angel,Sephora
"Angel est un parfum trés sensuel que je porte trés bien depuis quelques année , vu ce que l'on me dis quand je passe , il est trés agréeable de sentir si bon , Angel est sensuel et sexy a la fois , il me rends belle, et ca me fait du bien .",5,fr,Angel,Sephora
"Aucun parfum, aucunes fragrances ne détrônnera (pour moi) ANGEL ! non seulement parce que j'ai le besoin de m'y blottir, mais aussi, parce que tous les jours je n'en ai que des compliments, où que j'aille, boulot-transports en communs-magasins je ne reçois que des compliments, mes proches ne cessent de me dire qu'ANGEL sur moi est une merveille, qu'il se développe divinement ; pour ma part je pense que la qualité de ce parfum, fait qu'il évolue avec une harmonie extraordinaire",5,fr,Angel,Sephora
"Mon deuxième moi, ma deuxième peau, mon alter ego...",5,fr,Angel,Sephora
TRES MEME TROP SUCRE... TROP FORT... TRES PARTICULIER... TOUT LE MONDE LE PORTE... TOUT LE MONDE LE RECONNAIT.... UN PARFUM QUI ETAIT ORIGINAL AU DEPART DEVENU BANAL 18 ANS APRES... UN POINT POSITIF : LE DESIGN DU FLACON,5,fr,Angel,Sephora
"Je porte Angel depuis sa création, gel douche, crème pour le corps, parfum ... la gamme complète m'a conquise. Je ne peux envisager de porter autre chose !!!",5,fr,Angel,Sephora
Le flacon n'a pas son égal et son contenu est très agréable à porter SUR SOI en toutes circonstances et laisse sur le passage une envolée de senteurs...,5,fr,Angel,Sephora
Je porte Angel depuis 17 ans et il ne m'a jamais quittée.Quand on découvre Angel plus aucun autre parfum n'existe,5,fr,Angel,Sephora
"Un parfum qui a du corps et de l'allure, il trône désormais parmi mes préférés : Calèche d'Hermès et Insolente de Guerlain",5,fr,Angel,Sephora
"J'adore ce parfum depuis sa création, je change de temps en temps mais j'y reviens toujours.",5,fr,Angel,Sephora
"Ce parfum m'a plus de suite, son odeur que tout le monde reconnait et vous félicite de le porter ce ne sont que des compliments. Une vrai signature lorsque je passe dans une boutique, ou a ma banque on me reconnait a l'odeur !!!!!!!!!!!!!",5,fr,Angel,Sephora
super je l'utilise depuis des années.,5,fr,Angel,Sephora
"le jour ou je l'ai essayé, je n'ai jamais trouvé un autre parfun qui me convenait, je n'arrive pas à changer.",5,fr,Angel,Sephora
"un parfum qui me suiveras toute ma vie,ma fille me l empreinte avec discretion",5,fr,Angel,Sephora
"En découvrant Angel en 1992,j'ai été victime d'un véritable coup de foudre. Aujourd'hui encore,17 ans après,Angel et moi,ça reste une très belle et grande histoire d'amour!!!!!!!!!!!!!!!",5,fr,Angel,Sephora
"Un classique mon premier "" vrai"" parfum !! Toujours dans ma collection.",5,fr,Angel,Sephora
Cela fait des années que j'utilise ce parfum enivrant et je trouve que le flacon est magnifique. A utiliser pour toutes les occasions.,5,fr,Angel,Sephora
"J'adore ce parfum, ce flacon est beaucoup + facile à prendre en main que l'étoile; mais dommage qu'il n'existe pas en 50ml.",5,fr,Angel,Sephora
"Angel est un parfum dont je ne peux plus me passer. Je l'utilise toute l'année et l'été j'opte pour une version plus ""soft"", notamment la brume pour cheveux?",5,fr,Angel,Sephora
"le flacon est beau,il sent tres bon!mon mari adore!donc c'est un de mes préférer",5,fr,Angel,Sephora
Mon parfum préféré depuis mes 16 ans... Aujourd'hui j'en ai 29 ! Comme moi : On aime ou on aime pas.,5,fr,Angel,Sephora
"Parfum de séduction par excellence, idéal pour celles qui veulent s'affirmer et n'ont pas froid aux yeux... Porter Angel c'est afficher au monde son sex-appeal, oser etre une bombe onirique et s'en réjouir à chaque instant... L'éternel féminin revisité! Une tenue exceptionnelle et une gourmandise débordante, le plaisir à l'état pur! Plutot un parfum capiteux pour l'hiver. Point négatif: connu est reconnu de beaucoup de monde, très porté mais très largement apprécié!!!",5,fr,Angel,Sephora
"J'ai toujours rêvé de supporter Angel, mais hélas pour moi, il me colle un mal de tête fracassant: trop fort, trop ""poivré"", à défaut d'un terme plus adapté. Quel dommage, car le flacon est quand même une merveille, un des plus beaux et originaux des 20 dernières années!",5,fr,Angel,Sephora
"Un parfum sexy et sensuel, qui va vous envouter...mon mec l'adore ;)",5,fr,Angel,Sephora
Angel me suit partout. Je porte le parfum et le pendentif étoile. L'étoile me porte bonheur. Je ne pourrais plus m'en passer. C'est un parfum que mon entourage apprécie et qui correspond à ma personnalité. J'adore Angel de Thierry Mugler... Je me sens Star...,5,fr,Angel,Sephora
"Grande amatrice de parfum....c'est sur celui-ci que je m'arrete tout le temps...meme si je le partage volontiers avec d'autres parfum ....difficile de s'arreter sur un,mais celui-ci est spécial...",5,fr,Angel,Sephora
"le seul parfum, le vrai parmi les autres, bravo au créateur",5,fr,Angel,Sephora
Je l'ai découvert pour mes 20 ans et je le porte sans cesse... il fait parti de moi... en moi jusqu'à la fin de mes jours,5,fr,Angel,Sephora
"ce parfum reuni plusieurs critères à la fois tels que la séduction,la sensualité,la fraicheur..",5,fr,Angel,Sephora
"Parfum envoutant et reconnaissable parmi des milliers.... Et puis mon chéri adore, alors ?????",5,fr,Angel,Sephora
"Mon parfum depuis des années,il fait parti de moi,bouge et vit avec moi tout au long de la journée.Il est tout simplement envoutant et sublime.",5,fr,Angel,Sephora
"un parfum super frais et qui reste, c'est pour moi le meilleur",5,fr,Angel,Sephora
"lorsque je mets : "" ANGEL "" , toutes les personnes que je cotoies me demande , quel est ce bon parfum ! Et là , je fais de la pub a THIERRY MUGGLER pour : "" ANGEL ""!",5,fr,Angel,Sephora
Ce flacon est magnifique. Il dégage une odeur exquise et à une tenue longue durée.,5,fr,Angel,Sephora
"bonjour, ce parfum me proccure un état de bien être, il reste sur mes habits, les personnes me demandent souvent quel est ce parfum si agréable! quand je n'ai pas le moral je vaporise angel sur moi et je me sens au paradis, voila c'est un parfum que j'adore, et je resterai fidèle a angel",5,fr,Angel,Sephora
"Il est indémodable et très original mais je trouve le parfum trop fort. Une goute et les vêtmeent même lavés plusieurs fois continuent à sentir. L'eau de toilette quand à elle ne tient pas du tout. Mais bon ca reste un de mes préféré même si tout le monde le reconnait à l'odeur, ce que je n'aime pas trop car cela donne une impression de banalité.",5,fr,Angel,Sephora
"c'est mon parfum depuis un moment , manque peu etre un tout petit peu de legereté pour l été , mais c pas grave , je l adore quand meme !",5,fr,Angel,Sephora
Je me parfume chaque matin avec Angel depuis sa sortie et je ne me lasse pas. Je ne peux changer de parfum il reflète ma personnalitée. En revanche je peux comprendre que ce parfum ne plaisse pas à tout le monde et tant mieux nous sommes déjà très nombreuses à le porter !!!,5,fr,Angel,Sephora
"Mon produit star. Mon parfum depuis plusieurs années. Un parfum qui amène des compliments, un parfum très apprécié par les hommes, un parfum sophistiqué mais qui peut se porter en toute occasion. Parfum magique. Oui, c'est bien mon produit star.",5,fr,Angel,Sephora
Un parfum aux multiples facettes et fragrances selon celle qui le porte et le moment où elle le porte. Lors d'une émotion ou lorsqu'il fait chaud le parfum de chocolat ressort et vous envoûte aussi bien qu'il vous apaise. Les flacons sont superbes et le ressourçable très pratique. Un des rares parfums (hors Guerlain) que je ne fais pas virer.,5,fr,Angel,Sephora
"enveloppant, un sillage inoubliable, tendre, enfantin et très féminin à la fois.",5,fr,Angel,Sephora
"le parfum incontournable dans sa salle de bain ,un parfum inédit qui ma litteralement envouter ,je ne peux pas m'en passé",5,fr,Angel,Sephora
"On ne le presente plus. Pour moi depuis sa sortie c'est mon parfum fétiche et ""remonteur de moral"".",5,fr,Angel,Sephora
"Je l'ai découvert il y a un an et je ne suis pas prête d'en changer. Son parfum dégage une fraîcheur qui dure des heures, sans agresser son entourage. Une vraie prouesse",5,fr,Angel,Sephora
"Douceur, chaleur, rond et envoûtant. Ce parfum est reconnaissable parmis tous. C'est un délice !",5,fr,Angel,Sephora
ce parfun san tre bon il reste lonten il a rien na dir je pren que celui ci en plus il a un sentiment tre dou,5,fr,Angel,Sephora
"C'est vrai que ce parfum est un de ce que je pourrais mettre en sortant de chez moi le matin, mais ce n'est pas mon préféré. Ce parfum a une odeur pas trop forte que j'apprécie. essayez le !",5,fr,Angel,Sephora
Un parfum '''Flatteur''' ''Enivrant''qui ne laisse pas Indifférente,5,fr,Angel,Sephora
Parfum très agréable à porter aussi bien en hivers qu'en été,5,fr,Angel,Sephora
"ce parfum est envoutant, son odeur est captivante. très longue durée sur la peau. le flacon est sublime",5,fr,Angel,Sephora
ce parfum a une senteur formidable de plus c'est a conseiller si vous voulez l'offrir a une personne que l'on aime,5,fr,Angel,Sephora
"Parfum magique, envoutant et indémodable. A user sans modération",5,fr,Angel,Sephora
"Envoutant, chaud, énigmatique, odeur inoubliable que l'on reconnait entre 10000 autres parfums!!! Ca fait + de 10 ans que je le porte, j'ai déjà essayé de changé mais j'y reviens tjrs. Aucun parfums ne lui arrive à la cheville!!! Et en + tiens vraiment très bien à la peau. Je le recommande à toutes bien sur!",5,fr,Angel,Sephora
C'est un parfum avec un petit coté piquant et poivré que j'adore.,5,fr,Angel,Sephora
"Mon favori entre tous depuis sa sortie il y a au moins 12ans, j'en ai tout le temps et j'en porte régulièrement, de plus j'ai très souvent des compliments de la part d'inconnus me disant que c'est un choix judicieux, les hommes aiment beaucoup et très souvent ce parfum... A vous de tester !!!!",5,fr,Angel,Sephora
"J'ai ce parfum depuis des années. Je crois que j'ai enfin trouvé celui qui me convient : frais, doux et fruitée!",5,fr,Angel,Sephora
"Ce parfum est sophistiqué, doux et sensuel. Pour moi, c'est LE parfum STAR...!",5,fr,Angel,Sephora
merveilleux parfum dont on ne se lasse pas même au fil du temps,5,fr,Angel,Sephora
"Cet parfum sensuel, sexy et envoûtant. L'odeur la plus agréable et sensuelle pour attirer un homme dans ses filets. Il introduit une certaine dépendance",5,fr,Angel,Sephora
"C'EST UN PARFUM LUMINEUX, ON NE PEUX PASSER A COTE SANS LE SENTIR. IL NOUS TRANSPORTE ET FAIT REVER. IDEAL POUR QUELQU'UN DE SPECIAL......",5,fr,Angel,Sephora
"J'adore ce parfum, il sent très bon et la bouteille est magnifique.",5,fr,Angel,Sephora
"meme après plus de 10 ans de fidélité à angel, toujours le mème plaisir, je le porte comme un bijou précieux ;; mon étoile ne peut pas restée vide , je suis en manque très rapidement",5,fr,Angel,Sephora
"Ce parfum laisse un sillage poudré, chaud, câlin ! Il attendri les plus coriaces !",5,fr,Angel,Sephora
"mon préféré, j'en suis accro,enivrant, étoilé, source de bonheur, de sérénité, d'apaisement...",5,fr,Angel,Sephora
"angel, parfum unique, envoutant qui libere des aromes de chocolat et vanille, on a envie de caresses .....",5,fr,Angel,Sephora
"Les différents flacons sont des œuvres d'art à eux seuls! Le parfum quant à lui est enivrant, indémodable, presque ""magique""... à offrir, à s'offrir et à se faire offrir à toutes les occasions!",5,fr,Angel,Sephora
J'ai tellement senti ce parfum partout que je n'en peux plus... Je trouve que tout le monde le porte et qu'il n'a plus rien d'original.,5,fr,Angel,Sephora
Parfum très sucré et chocolaté. Vite entêtant et très facile à reconnaître.,5,fr,Angel,Sephora
"Glamour, sensuel, qui tient parfaitement, parfum obligatoire dans le sac d'une femme",5,fr,Angel,Sephora
C'est un parfum audacieux alliant saveurs gourmandes et patchouli. Angel est un parfum envoutant pour les femmes mi anges mi démons. Moi depuis que j'ai découvert ce parfum il y à deux ans; désormais c'est jamais sans mon étoile Angel car j'aime ce parfum. Bravo Thierry Mugler,5,fr,Angel,Sephora
"Une odeur feminine, envoutante, pour les femmes qui ont du caractere et du gout.",5,fr,Angel,Sephora
superbe flacon en forme d etoile qui nous fait penser en meme temps a un objet futuriste!! son odeur est envoutante et sensuelle il vous colle a la peau et laisse dans votre sillage un parfum tellement fort que les gens se retourne sur votre passage!! un diamant pur!!!,5,fr,Angel,Sephora
Un parfum qui tient toute la journée avec une note envoutante.,5,fr,Angel,Sephora
"je porte Angel depuis le début, c'est le seul parfum qui correspond autant à ma peau, un vrai délice...",5,fr,Angel,Sephora
Ce parfum est génial avec sa petite touche de vanille chocolat.. Il vous envoutera et ne soyez pas surprise si il devient votre petit chouchou..!,5,fr,Angel,Sephora
"Angel n'est pas qu'un parfum, c'est aussi un bijoux précieux. Chaque femme qui le porte est une femme ' Angel ', qui fait partie du cercle des anges bleus.",5,fr,Angel,Sephora
il est tout simplement divin et le principe de la fontaine recharge super original et plus économique ce qui n'est pas rien!!,5,fr,Angel,Sephora
"Depuis sa création Angel est mon allié, partout dans mon service de Radiologie, je laisse derrière moi un sillage de parfum envoutant, on sait quand je travaille. Je n'en changerais pour rien au monde!!!",5,fr,Angel,Sephora
J'adore les produits Thierry Mugler et plus particulièrement Angel,5,fr,Angel,Sephora
"j'adore ce parfum, je le porte depuis sa creation, je n'arrive pas a en changer c'est mon parfum fetiche",5,fr,Angel,Sephora
Une touche de ce parfum mythique et l'on vous reconnait entre 1000 !,5,fr,Angel,Sephora
ce parfum est tout simplement parfait et inimitable,5,fr,Angel,Sephora
"JE L' ADORE, C EST QUE DU BONHEUR A PORTER CE PARFUM......",5,fr,Angel,Sephora
"S'il ne devait en rester qu'un, ce serait celui-là! Angel est mon parfum depuis sa création, et il le restera. C'est un parfum sucré, envoûtant, sensuel, qui est devenu mythique! un flacon sublime en multiples déclinaison. On en devient complètement addict!",5,fr,Angel,Sephora
